,PlayerName,M/F,PlayerTeam,PointsTotal,PointsDelta,ServeTotal,ServeError,ServePoints,ReceptionTotal,ReceptionError,AttackTotal,AttackError,AttackBlocked,AttackPoints,BlockPoints
0,Abercrombie Brittany,F,SC Potsdam,4.241935483870968,2.5725806451612905,3.532258064516129,0.29838709677419356,0.1935483870967742,0.0,0.0,9.838709677419354,0.7096774193548387,0.6612903225806451,3.725806451612903,0.3225806451612903
1,Agbortabi Vanessa,F,SC Potsdam,1.9104477611940298,0.7761194029850746,2.6417910447761193,0.1791044776119403,0.12686567164179105,5.1940298507462686,0.26865671641791045,4.932835820895522,0.39552238805970147,0.291044776119403,1.6194029850746268,0.16417910447761194
2,Agost Taylor,F,VfB Suhl LOTTO Thüringen,1.618320610687023,1.1068702290076335,2.3969465648854964,0.21374045801526717,0.07633587786259542,0.04580152671755725,0.022900763358778626,3.33587786259542,0.1450381679389313,0.1297709923664122,1.3740458015267176,0.16793893129770993
3,Alsmeier Lina,F,USC Münster,3.380952380952381,1.2857142857142858,3.3968253968253967,0.5793650793650794,0.3333333333333333,6.238095238095238,0.4126984126984127,7.325396825396825,0.746031746031746,0.35714285714285715,2.619047619047619,0.42857142857142855
4,Ambrosius Lea,F,SSC Palmberg Schwerin,0.2440944881889764,0.0,0.7480314960629921,0.1889763779527559,0.031496062992125984,0.0,0.0,0.33070866141732286,0.031496062992125984,0.023622047244094488,0.12598425196850394,0.08661417322834646
5,Barber Nele,F,USC Münster,1.462686567164179,0.5,1.7611940298507462,0.15671641791044777,0.11194029850746269,3.3507462686567164,0.3208955223880597,3.216417910447761,0.22388059701492538,0.26119402985074625,1.2313432835820894,0.11940298507462686
6,Barfield Lauren,M,SSC Palmberg Schwerin,1.41,0.785,2.23,0.28,0.095,1.12,0.075,2.16,0.13,0.14,1.035,0.28
7,Barthel Meghan,F,Schwarz-Weiß Erfurt,0.22641509433962265,-0.018867924528301886,1.5849056603773586,0.22641509433962265,0.03773584905660377,0.0,0.0,0.4528301886792453,0.018867924528301886,0.0,0.1320754716981132,0.05660377358490566
8,Berger Lara,F,Allianz MTV Stuttgart,0.1,0.0375,0.1875,0.0,0.0,0.175,0.0375,0.225,0.0125,0.0125,0.075,0.025
9,Bjerland Renate,F,VC Wiesbaden,1.3448275862068966,0.2413793103448276,1.3879310344827587,0.22413793103448276,0.07758620689655173,0.7241379310344828,0.05172413793103448,3.5172413793103448,0.43103448275862066,0.39655172413793105,1.1810344827586208,0.08620689655172414
10,Bock Josepha,F,Rote Raben Vilsbiburg,1.8120300751879699,1.0150375939849625,2.601503759398496,0.40601503759398494,0.23308270676691728,0.07518796992481203,0.0,2.4586466165413534,0.20300751879699247,0.18796992481203006,1.0977443609022557,0.48120300751879697
11,Bock Linda,F,USC Münster,0.335,-0.195,0.275,0.055,0.01,4.66,0.345,0.74,0.05,0.08,0.27,0.055
12,Boom Dagmar,F,VfB Suhl LOTTO Thüringen,0.68,0.04,1.36,0.04,0.08,2.4,0.28,1.68,0.2,0.12,0.6,0.0
13,Brinkmann Anika,F,USC Münster,3.586206896551724,1.4310344827586208,3.189655172413793,0.5172413793103449,0.25862068965517243,5.689655172413793,0.3448275862068966,7.758620689655173,0.6551724137931034,0.6379310344827587,3.1379310344827585,0.1896551724137931
14,Brisebois Danielle,F,Rote Raben Vilsbiburg,4.214953271028038,2.0654205607476634,2.869158878504673,0.6074766355140186,0.18691588785046728,6.149532710280374,0.4672897196261682,9.355140186915888,0.4953271028037383,0.5794392523364486,3.560747663551402,0.4672897196261682
15,Cekulaev Anastasia,F,SC Potsdam,0.0,0.0,0.0,0.0,0.0,0.0,0.0,0.0,0.0,0.0,0.0,0.0
16,Cesar Annie,F,Ladies in Black Aachen,0.0,-0.3953488372093023,0.011627906976744186,0.0,0.0,7.244186046511628,0.5116279069767442,0.011627906976744186,0.0,0.0,0.0,0.0
17,Cole Madelyn,F,Schwarz-Weiß Erfurt,0.37037037037037035,0.1111111111111111,1.7962962962962963,0.2037037037037037,0.07407407407407407,0.05555555555555555,0.037037037037037035,0.48148148148148145,0.0,0.018518518518518517,0.1111111111111111,0.18518518518518517
18,Conaway Alexis,F,Rote Raben Vilsbiburg,0.28125,0.140625,0.265625,0.0625,0.0,0.046875,0.0,0.578125,0.03125,0.046875,0.1875,0.09375
19,Crittenden Naya,F,Dresdner SC,0.9024390243902439,0.5121951219512195,0.7317073170731707,0.07317073170731707,0.0,0.0,0.0,1.8048780487804879,0.24390243902439024,0.07317073170731707,0.8048780487804879,0.0975609756097561
20,Cyris Emma,F,Dresdner SC,0.7090909090909091,0.13636363636363635,1.0545454545454545,0.16363636363636364,0.06363636363636363,1.4363636363636363,0.13636363636363635,1.5545454545454545,0.14545454545454545,0.12727272727272726,0.5727272727272728,0.07272727272727272
21,Dammer Simona,F,Rote Raben Vilsbiburg,0.016666666666666666,-0.23333333333333334,0.4166666666666667,0.05,0.016666666666666666,2.1,0.2,0.0,0.0,0.0,0.0,0.0
22,de Zwart Laura,F,VfB Suhl LOTTO Thüringen,1.1153846153846154,0.5923076923076923,1.6923076923076923,0.34615384615384615,0.1076923076923077,0.06153846153846154,0.015384615384615385,1.4846153846153847,0.08461538461538462,0.07692307692307693,0.6384615384615384,0.36923076923076925
23,Dreblow Sophie,F,NawaRo Straubing,0.009345794392523364,-0.40186915887850466,0.0,0.0,0.0,6.177570093457944,0.411214953271028,0.018691588785046728,0.0,0.0,0.009345794392523364,0.0
24,Dürr Lenka,F,Dresdner SC,0.00847457627118644,-0.19491525423728814,0.0,0.0,0.0,4.47457627118644,0.2033898305084746,0.0423728813559322,0.0,0.0,0.00847457627118644,0.0
25,Emonts Laura,F,SC Potsdam,2.6377952755905514,1.3858267716535433,2.4803149606299213,0.14960629921259844,0.12598425196850394,3.62992125984252,0.3228346456692913,5.543307086614173,0.3858267716535433,0.3937007874015748,2.15748031496063,0.3543307086614173
26,Erzen Darja,F,SC Potsdam,0.0,0.0,0.0,0.0,0.0,0.0,0.0,0.030303030303030304,0.0,0.0,0.0,0.0
27,Evans Ashley,F,VC Wiesbaden,1.032258064516129,0.3548387096774194,3.806451612903226,0.3387096774193548,0.1774193548387097,0.04838709677419355,0.016129032258064516,1.596774193548387,0.1935483870967742,0.12903225806451613,0.6290322580645161,0.22580645161290322
28,Flory Lindsay,F,SC Potsdam,0.27358490566037735,0.1509433962264151,0.8867924528301887,0.07547169811320754,0.04716981132075472,0.009433962264150943,0.0,0.3490566037735849,0.018867924528301886,0.02830188679245283,0.14150943396226415,0.08490566037735849
29,Gates Madeleine,F,Dresdner SC,1.8627450980392157,1.3725490196078431,2.0980392156862746,0.27450980392156865,0.058823529411764705,0.13725490196078433,0.0,2.6862745098039214,0.11764705882352941,0.09803921568627451,1.4901960784313726,0.3137254901960784
30,Genitsaridi Maria,F,VfB Suhl LOTTO Thüringen,0.17391304347826086,0.0,1.3043478260869565,0.043478260869565216,0.043478260869565216,0.391304347826087,0.0,0.5652173913043478,0.08695652173913043,0.043478260869565216,0.13043478260869565,0.0
31,Glaab Corina,F,Rote Raben Vilsbiburg,0.12030075187969924,0.007518796992481203,1.3834586466165413,0.11278195488721804,0.07518796992481203,0.015037593984962405,0.0,0.03759398496240601,0.0,0.0,0.007518796992481203,0.03759398496240601
32,Gray Jenna,F,Dresdner SC,0.8703703703703703,0.5555555555555556,3.111111111111111,0.24074074074074073,0.16666666666666666,0.0,0.0,1.1851851851851851,0.018518518518518517,0.05555555555555555,0.48148148148148145,0.24074074074074073
33,Grechanaia Anastasiia,F,Schwarz-Weiß Erfurt,0.0,-0.18181818181818182,0.36363636363636365,0.0,0.0,0.7272727272727273,0.09090909090909091,0.2727272727272727,0.09090909090909091,0.0,0.0,0.0
34,Gross Jasmine,F,Schwarz-Weiß Erfurt,1.4090909090909092,0.8409090909090909,1.4242424242424243,0.20454545454545456,0.05303030303030303,0.07575757575757576,0.007575757575757576,2.409090909090909,0.16666666666666666,0.1893939393939394,1.106060606060606,0.25
35,Grozer Dora,F,Allianz MTV Stuttgart,0.7678571428571429,0.017857142857142856,0.7142857142857143,0.125,0.03571428571428571,1.5892857142857142,0.21428571428571427,1.9821428571428572,0.21428571428571427,0.19642857142857142,0.6785714285714286,0.05357142857142857
36,Große Scharmann Lena,F,Allianz MTV Stuttgart,2.677685950413223,1.0330578512396693,2.727272727272727,0.371900826446281,0.21487603305785125,0.008264462809917356,0.0,6.3884297520661155,0.8099173553719008,0.4628099173553719,2.256198347107438,0.2066115702479339
37,Großer Tanja,F,VC Wiesbaden,2.5520833333333335,1.21875,2.875,0.052083333333333336,0.0625,3.9375,0.22916666666666666,6.635416666666667,0.5104166666666666,0.5416666666666666,2.28125,0.20833333333333334
38,Grundt Lena,F,Allianz MTV Stuttgart,1.564102564102564,1.0384615384615385,2.5,0.19230769230769232,0.14102564102564102,0.08974358974358974,0.05128205128205128,1.9487179487179487,0.16666666666666666,0.11538461538461539,0.8846153846153846,0.5384615384615384
39,Gryka Magdalena,F,NawaRo Straubing,0.8015873015873016,0.4365079365079365,3.4523809523809526,0.2698412698412698,0.2222222222222222,0.05555555555555555,0.015873015873015872,0.8095238095238095,0.047619047619047616,0.031746031746031744,0.30952380952380953,0.2698412698412698
40,Guilliams Jodie,F,Rote Raben Vilsbiburg,2.8629441624365484,1.0355329949238579,3.4416243654822334,0.4517766497461929,0.19289340101522842,4.446700507614213,0.2893401015228426,6.9847715736040605,0.5431472081218274,0.5431472081218274,2.3248730964467006,0.34517766497461927
41,Haneline Kayla,F,Rote Raben Vilsbiburg,2.328125,1.453125,3.21875,0.296875,0.15625,0.1875,0.046875,3.65625,0.34375,0.1875,1.703125,0.46875
42,Harbin Danielle,F,VfB Suhl LOTTO Thüringen,3.6984126984126986,1.5555555555555556,2.3015873015873014,0.31746031746031744,0.12698412698412698,0.0,0.0,8.222222222222221,1.0952380952380953,0.7301587301587301,3.2222222222222223,0.3492063492063492
43,Hart Alexis,F,Rote Raben Vilsbiburg,0.47058823529411764,-0.029411764705882353,0.3235294117647059,0.058823529411764705,0.0,0.0,0.0,1.7058823529411764,0.2647058823529412,0.17647058823529413,0.47058823529411764,0.0
44,Hartl Lena,F,Rote Raben Vilsbiburg,0.75,0.65,3.3,0.1,0.2,0.0,0.0,0.7,0.0,0.0,0.4,0.15
45,Haynes Madeline,F,Ladies in Black Aachen,1.5254237288135593,0.288135593220339,1.3898305084745763,0.2033898305084746,0.13559322033898305,3.2033898305084745,0.3898305084745763,3.8813559322033897,0.3050847457627119,0.3389830508474576,1.2372881355932204,0.15254237288135594
46,Hentz Morgan,F,Dresdner SC,0.0,-0.023809523809523808,0.023809523809523808,0.0,0.0,0.6666666666666666,0.023809523809523808,0.0,0.0,0.0,0.0,0.0
47,Herelova Nina,F,Ladies in Black Aachen,1.6101694915254237,1.11864406779661,2.389830508474576,0.1016949152542373,0.11864406779661017,0.03389830508474576,0.0,2.4915254237288136,0.13559322033898305,0.2542372881355932,1.2203389830508475,0.2711864406779661
48,Hetmann Selma Theresa,F,VC Wiesbaden,1.1271186440677967,0.6101694915254238,1.61864406779661,0.1694915254237288,0.05084745762711865,0.06779661016949153,0.00847457627118644,2.1186440677966103,0.16101694915254236,0.17796610169491525,0.8220338983050848,0.2542372881355932
49,Hindriksen Mareike,F,Ladies in Black Aachen,0.7153846153846154,0.49230769230769234,3.023076923076923,0.11538461538461539,0.19230769230769232,0.06153846153846154,0.015384615384615385,0.9615384615384616,0.046153846153846156,0.046153846153846156,0.4153846153846154,0.1076923076923077
50,Hänle Marie,F,NawaRo Straubing,0.7540983606557377,0.2459016393442623,0.6065573770491803,0.06557377049180328,0.0,0.0,0.0,2.2950819672131146,0.2459016393442623,0.19672131147540983,0.7213114754098361,0.03278688524590164
51,Hölzig Annegret,F,NawaRo Straubing,2.48,0.944,2.96,0.376,0.224,5.72,0.312,6.04,0.36,0.488,1.984,0.272
52,Hötschl Paula,F,VC Wiesbaden,0.16853932584269662,-0.033707865168539325,0.4606741573033708,0.11235955056179775,0.0898876404494382,0.8089887640449438,0.056179775280898875,0.4044943820224719,0.033707865168539325,0.0,0.07865168539325842,0.0
53,Imoudu Denise,F,SSC Palmberg Schwerin,0.3816793893129771,0.061068702290076333,1.7709923664122138,0.3053435114503817,0.11450381679389313,0.061068702290076333,0.0,0.3816793893129771,0.015267175572519083,0.0,0.16030534351145037,0.10687022900763359
54,Ismaili Valbona,F,NawaRo Straubing,0.8319327731092437,0.07563025210084033,0.8571428571428571,0.07563025210084033,0.058823529411764705,1.9075630252100841,0.19327731092436976,2.1176470588235294,0.226890756302521,0.2605042016806723,0.6722689075630253,0.10084033613445378
55,Jaksetic Vedrana,F,VfB Suhl LOTTO Thüringen,0.6666666666666666,0.42857142857142855,3.7777777777777777,0.19047619047619047,0.14285714285714285,0.015873015873015872,0.0,1.1587301587301588,0.015873015873015872,0.031746031746031744,0.3333333333333333,0.19047619047619047
56,Janiska Jennifer,F,Dresdner SC,2.8,1.5733333333333333,3.7066666666666666,0.36,0.28,3.1733333333333333,0.10666666666666667,5.986666666666666,0.41333333333333333,0.3466666666666667,2.2266666666666666,0.29333333333333333
57,Jasper Hester,F,Allianz MTV Stuttgart,2.1496598639455784,0.9319727891156463,2.4693877551020407,0.19727891156462585,0.10204081632653061,2.891156462585034,0.1564625850340136,4.891156462585034,0.3945578231292517,0.46938775510204084,1.8571428571428572,0.19047619047619047
58,Jatzko Romy,F,SSC Palmberg Schwerin,0.136986301369863,0.0410958904109589,0.1917808219178082,0.03424657534246575,0.00684931506849315,0.23972602739726026,0.03424657534246575,0.3219178082191781,0.02054794520547945,0.00684931506849315,0.1232876712328767,0.00684931506849315
59,Jegdic Aleksandra,F,SC Potsdam,0.4155844155844156,0.05844155844155844,0.5064935064935064,0.045454545454545456,0.05844155844155844,3.935064935064935,0.14285714285714285,1.0129870129870129,0.1038961038961039,0.06493506493506493,0.3246753246753247,0.032467532467532464
60,Kastrup Liza,F,USC Münster,1.8244274809160306,0.9618320610687023,1.9770992366412214,0.11450381679389313,0.061068702290076333,0.25190839694656486,0.04580152671755725,4.435114503816794,0.33587786259541985,0.366412213740458,1.5572519083969465,0.20610687022900764
61,Keller Luisa,F,Rote Raben Vilsbiburg,1.6544502617801047,0.7643979057591623,2.575916230366492,0.21465968586387435,0.28272251308900526,2.026178010471204,0.14136125654450263,3.518324607329843,0.31413612565445026,0.2198952879581152,1.2303664921465969,0.14136125654450263
62,Kettenbach Elisabeth,F,NawaRo Straubing,0.09836065573770492,0.0,1.3934426229508197,0.08196721311475409,0.03278688524590164,0.01639344262295082,0.01639344262295082,0.06557377049180328,0.0,0.0,0.04918032786885246,0.01639344262295082
63,Kicka Kristina,F,Ladies in Black Aachen,3.5254237288135593,1.694915254237288,2.5084745762711864,0.5423728813559322,0.22033898305084745,0.06779661016949153,0.0,8.084745762711865,0.864406779661017,0.423728813559322,2.8813559322033897,0.423728813559322
64,Kildau Erika,F,USC Münster,0.0,-0.6521739130434783,0.0,0.0,0.0,7.956521739130435,0.6521739130434783,0.0,0.0,0.0,0.0,0.0
65,Kirchhoff Mia,F,USC Münster,0.03773584905660377,0.0,0.24528301886792453,0.0,0.0,0.4528301886792453,0.018867924528301886,0.20754716981132076,0.0,0.018867924528301886,0.018867924528301886,0.018867924528301886
66,Korevaar Demi Johanna Marijke,F,USC Münster,1.7786259541984732,1.2061068702290076,2.4427480916030535,0.1984732824427481,0.11450381679389313,0.1450381679389313,0.015267175572519083,3.122137404580153,0.1984732824427481,0.16030534351145037,1.2595419847328244,0.40458015267175573
67,Koskelo Roosa,F,Allianz MTV Stuttgart,0.0,-0.189873417721519,0.0,0.0,0.0,3.848101265822785,0.189873417721519,0.0,0.0,0.0,0.0,0.0
68,Kovac Sara,F,Schwarz-Weiß Erfurt,2.5892857142857144,0.6785714285714286,2.5,0.44642857142857145,0.26785714285714285,0.0,0.0,6.982142857142857,0.6785714285714286,0.7857142857142857,2.125,0.19642857142857142
69,Krause Sabrina,F,Schwarz-Weiß Erfurt,0.37373737373737376,0.050505050505050504,1.3535353535353536,0.21212121212121213,0.10101010101010101,0.06060606060606061,0.0,0.5959595959595959,0.0707070707070707,0.04040404040404041,0.16161616161616163,0.1111111111111111
70,Kästner Pia,F,Allianz MTV Stuttgart,0.5203252032520326,0.2032520325203252,1.3252032520325203,0.13008130081300814,0.06504065040650407,0.016260162601626018,0.0,1.2276422764227641,0.056910569105691054,0.13008130081300814,0.3821138211382114,0.07317073170731707
71,Lacerda Pereira Heloiza,F,USC Münster,1.4,0.6181818181818182,1.2363636363636363,0.2,0.12727272727272726,0.05454545454545454,0.03636363636363636,3.1454545454545455,0.2545454545454545,0.2909090909090909,1.0545454545454545,0.21818181818181817
72,Lambert Adeja,F,USC Münster,1.2148148148148148,0.2814814814814815,1.8444444444444446,0.31851851851851853,0.07407407407407407,1.8814814814814815,0.1925925925925926,2.474074074074074,0.24444444444444444,0.17777777777777778,0.8592592592592593,0.2814814814814815
73,Langgemach Juliane,F,USC Münster,0.9296875,0.6015625,1.53125,0.171875,0.109375,0.046875,0.015625,1.3828125,0.0625,0.078125,0.65625,0.1640625
74,Lavickyte Rugile,F,Ladies in Black Aachen,0.3898305084745763,0.0847457627118644,0.5084745762711864,0.13559322033898305,0.05084745762711865,0.01694915254237288,0.0,1.0677966101694916,0.1016949152542373,0.06779661016949153,0.288135593220339,0.05084745762711865
75,Lenz Sindy,F,Schwarz-Weiß Erfurt,1.878787878787879,0.12121212121212122,2.9696969696969697,0.41414141414141414,0.13131313131313133,5.343434343434343,0.37373737373737376,6.141414141414141,0.5151515151515151,0.45454545454545453,1.6767676767676767,0.0707070707070707
76,Lieb Lina-Marie,F,Dresdner SC,0.020833333333333332,0.0,0.08333333333333333,0.020833333333333332,0.020833333333333332,0.0,0.0,0.020833333333333332,0.0,0.0,0.0,0.0
77,Linke Lena,F,Dresdner SC,0.0,0.0,0.0,0.0,0.0,0.0,0.0,0.0,0.0,0.0,0.0,0.0
78,Lohmann Elisa,F,VfB Suhl LOTTO Thüringen,0.923728813559322,0.22033898305084745,0.7372881355932204,0.11864406779661017,0.05084745762711865,4.771186440677966,0.3135593220338983,1.8220338983050848,0.1271186440677966,0.1440677966101695,0.7627118644067796,0.11016949152542373
79,Lohuis Juliët,F,Allianz MTV Stuttgart,2.075,1.4375,3.6625,0.275,0.2625,0.0875,0.0125,2.7,0.1625,0.1875,1.2,0.6125
80,Maase Rica,F,Schwarz-Weiß Erfurt,0.7474747474747475,0.25252525252525254,0.7575757575757576,0.06060606060606061,0.050505050505050504,0.10101010101010101,0.010101010101010102,1.97979797979798,0.2222222222222222,0.20202020202020202,0.6262626262626263,0.0707070707070707
81,Meis Lisanne,F,VfB Suhl LOTTO Thüringen,0.04054054054054054,-0.08108108108108109,0.8243243243243243,0.10810810810810811,0.02702702702702703,0.0,0.0,0.06756756756756757,0.013513513513513514,0.0,0.0,0.013513513513513514
82,Merte Franca,F,Schwarz-Weiß Erfurt,0.0,0.0,0.0,0.0,0.0,0.0,0.0,0.0,0.0,0.0,0.0,0.0
83,Michel Tosi Victoria,F,Schwarz-Weiß Erfurt,1.098901098901099,0.2967032967032967,2.065934065934066,0.38461538461538464,0.10989010989010989,0.16483516483516483,0.01098901098901099,2.1648351648351647,0.15384615384615385,0.25274725274725274,0.7692307692307693,0.21978021978021978
84,Mlejnkova Michaela,F,Allianz MTV Stuttgart,3.5,1.875,3.0892857142857144,0.08928571428571429,0.16071428571428573,6.339285714285714,0.4642857142857143,7.375,0.5714285714285714,0.5,3.0,0.3392857142857143
85,Mohler Blake,F,VfB Suhl LOTTO Thüringen,1.5238095238095237,0.7936507936507936,1.3968253968253967,0.2222222222222222,0.09523809523809523,0.047619047619047616,0.015873015873015872,2.746031746031746,0.25396825396825395,0.23809523809523808,1.2063492063492063,0.2222222222222222
86,Mohr Pia,F,USC Münster,0.0,0.0,0.0,0.0,0.0,0.0,0.0,0.0,0.0,0.0,0.0,0.0
87,Müller Sabrina,F,VfB Suhl LOTTO Thüringen,0.9047619047619048,0.3968253968253968,1.4444444444444444,0.2698412698412698,0.12698412698412698,0.0,0.0,1.380952380952381,0.1111111111111111,0.12698412698412698,0.47619047619047616,0.30158730158730157
88,Nelson Taylor Kaera,F,USC Münster,0.3170731707317073,0.13008130081300814,2.024390243902439,0.12195121951219512,0.07317073170731707,0.04878048780487805,0.0,0.4715447154471545,0.04065040650406504,0.024390243902439025,0.17073170731707318,0.07317073170731707
89,Nestler Patricia,F,SSC Palmberg Schwerin,0.014925373134328358,-0.04477611940298507,0.14925373134328357,0.0,0.014925373134328358,1.1044776119402986,0.05970149253731343,0.0,0.0,0.0,0.0,0.0
90,Neuhaus Frauke,F,VC Wiesbaden,2.861788617886179,0.9349593495934959,2.772357723577236,0.43902439024390244,0.22764227642276422,2.6097560975609757,0.25203252032520324,6.609756097560975,0.6666666666666666,0.5691056910569106,2.3902439024390243,0.25203252032520324
91,Nogueras Jennifer,F,SC Potsdam,0.34782608695652173,0.17391304347826086,3.0434782608695654,0.08695652173913043,0.08695652173913043,0.08695652173913043,0.08695652173913043,0.5217391304347826,0.0,0.0,0.17391304347826086,0.08695652173913043
92,Norveel Kjersti,F,NawaRo Straubing,1.180327868852459,0.4098360655737705,2.5245901639344264,0.36065573770491804,0.22950819672131148,0.09836065573770492,0.03278688524590164,2.4262295081967213,0.21311475409836064,0.16393442622950818,0.7049180327868853,0.2459016393442623
93,Oiwoh Noemi Laureen,F,NawaRo Straubing,2.1714285714285713,1.4285714285714286,3.342857142857143,0.4,0.11428571428571428,0.11428571428571428,0.02857142857142857,3.4,0.05714285714285714,0.2571428571428571,1.4,0.6571428571428571
94,Olimstad Emilie,F,Ladies in Black Aachen,1.2076923076923076,0.3,1.9230769230769231,0.1076923076923077,0.12307692307692308,3.7153846153846155,0.16923076923076924,4.0,0.24615384615384617,0.38461538461538464,0.9615384615384616,0.12307692307692308
95,Oude Luttikhuis Nicole,F,SSC Palmberg Schwerin,0.7518796992481203,0.21804511278195488,0.7819548872180451,0.13533834586466165,0.05263157894736842,1.3759398496240602,0.09022556390977443,1.669172932330827,0.17293233082706766,0.13533834586466165,0.6090225563909775,0.09022556390977443
96,Pallag Agnes,F,VfB Suhl LOTTO Thüringen,2.8253968253968256,1.1428571428571428,4.349206349206349,0.15873015873015872,0.14285714285714285,6.079365079365079,0.15873015873015872,6.587301587301587,0.6666666666666666,0.6984126984126984,2.3333333333333335,0.3492063492063492
97,Palmer Madeline,F,Schwarz-Weiß Erfurt,3.1,1.02,2.88,0.36,0.1,5.94,0.46,8.14,0.9,0.36,2.72,0.28
98,Papafotiou Athina,F,Allianz MTV Stuttgart,0.35714285714285715,0.14285714285714285,1.6964285714285714,0.17857142857142858,0.03571428571428571,0.0,0.0,0.32142857142857145,0.017857142857142856,0.017857142857142856,0.19642857142857142,0.125
99,Petter Michelle,F,Schwarz-Weiß Erfurt,1.26,0.69,1.6,0.17,0.08,3.035,0.175,2.07,0.14,0.085,0.975,0.205
100,Pogany Anna,F,SSC Palmberg Schwerin,0.0,-0.21428571428571427,0.0,0.0,0.0,3.1666666666666665,0.21428571428571427,0.0,0.0,0.0,0.0,0.0
101,Poll Jana Franziska,F,Ladies in Black Aachen,3.7796610169491527,2.5084745762711864,3.8983050847457625,0.15254237288135594,0.1864406779661017,4.288135593220339,0.11864406779661017,8.661016949152541,0.5084745762711864,0.4915254237288136,3.135593220338983,0.4576271186440678
102,Provaroni Claudia,F,NawaRo Straubing,1.819672131147541,0.4098360655737705,2.7704918032786887,0.3442622950819672,0.21311475409836064,4.590163934426229,0.21311475409836064,5.081967213114754,0.36065573770491804,0.4918032786885246,1.4098360655737705,0.19672131147540983
103,Reinisch Paula,F,Schwarz-Weiß Erfurt,0.5555555555555556,-0.07407407407407407,0.8271604938271605,0.14814814814814814,0.04938271604938271,2.037037037037037,0.1111111111111111,1.6419753086419753,0.2345679012345679,0.13580246913580246,0.41975308641975306,0.08641975308641975
104,Rivers Krystal,F,Allianz MTV Stuttgart,4.788732394366197,3.295774647887324,2.971830985915493,0.4507042253521127,0.11267605633802817,0.0,0.0,8.732394366197184,0.4788732394366197,0.5633802816901409,4.211267605633803,0.4647887323943662
105,Rosenthal Jenna,F,Allianz MTV Stuttgart,0.2875,0.1125,0.6875,0.075,0.025,0.0625,0.05,0.475,0.0375,0.0125,0.2125,0.05
106,Ruddins Lindsey,F,SC Potsdam,3.4464285714285716,1.9464285714285714,3.107142857142857,0.23214285714285715,0.23214285714285715,5.678571428571429,0.30357142857142855,7.964285714285714,0.4642857142857143,0.5,2.892857142857143,0.32142857142857145
107,Runjic Marijeta,F,VC Wiesbaden,2.193548387096774,0.9032258064516129,2.064516129032258,0.14516129032258066,0.11290322580645161,1.2580645161290323,0.12903225806451613,5.467741935483871,0.5806451612903226,0.43548387096774194,1.7580645161290323,0.3225806451612903
108,Scholten Iris,F,NawaRo Straubing,3.2585365853658534,1.7804878048780488,2.5951219512195123,0.37073170731707317,0.1902439024390244,0.17560975609756097,0.02926829268292683,7.317073170731708,0.5219512195121951,0.5560975609756098,2.7853658536585364,0.28292682926829266
109,Schoot Myrthe Mathilde,F,Rote Raben Vilsbiburg,0.0,-0.234375,0.0,0.0,0.0,4.109375,0.234375,0.0,0.0,0.0,0.0,0.0
110,Schultz Pauline,F,VC Wiesbaden,0.0,-0.017543859649122806,0.07017543859649122,0.017543859649122806,0.0,0.0,0.0,0.017543859649122806,0.0,0.0,0.0,0.0
111,Schweigmann Janna,F,NawaRo Straubing,0.4507042253521127,0.22535211267605634,1.056338028169014,0.16901408450704225,0.07042253521126761,0.04225352112676056,0.0,0.8309859154929577,0.014084507042253521,0.04225352112676056,0.323943661971831,0.056338028169014086
112,Schwertmann Leonie,F,Ladies in Black Aachen,1.1016949152542372,0.4406779661016949,2.4915254237288136,0.3898305084745763,0.23728813559322035,0.05084745762711865,0.03389830508474576,1.5254237288135593,0.1016949152542373,0.13559322033898305,0.6271186440677966,0.23728813559322035
113,Schölzel Marie,F,SSC Palmberg Schwerin,2.153225806451613,1.6290322580645162,2.7419354838709675,0.20161290322580644,0.20967741935483872,0.08870967741935484,0.024193548387096774,2.5483870967741935,0.12903225806451613,0.1693548387096774,1.4274193548387097,0.5161290322580645
114,Segura Palleres Maria,F,Allianz MTV Stuttgart,3.232142857142857,1.2678571428571428,4.339285714285714,0.5357142857142857,0.3392857142857143,5.142857142857143,0.3392857142857143,6.803571428571429,0.375,0.7142857142857143,2.482142857142857,0.4107142857142857
115,Sorbo Live,F,Ladies in Black Aachen,0.0,0.0,0.3050847457627119,0.0,0.0,0.0,0.0,0.01694915254237288,0.0,0.0,0.0,0.0
116,Speech Symone,F,SC Potsdam,2.1780821917808217,1.5753424657534247,3.547945205479452,0.2191780821917808,0.1917808219178082,0.6575342465753424,0.0136986301369863,3.410958904109589,0.2328767123287671,0.136986301369863,1.726027397260274,0.2602739726027397
117,Spelman Hayley,F,SSC Palmberg Schwerin,1.9104477611940298,0.6567164179104478,1.7611940298507462,0.31343283582089554,0.16417910447761194,0.029850746268656716,0.0,4.656716417910448,0.582089552238806,0.3582089552238806,1.5820895522388059,0.16417910447761194
118,Stautz Antonia,F,SC Potsdam,1.2477064220183487,0.41284403669724773,1.926605504587156,0.1743119266055046,0.1559633027522936,2.4311926605504586,0.1743119266055046,2.889908256880734,0.1926605504587156,0.29357798165137616,0.9357798165137615,0.1559633027522936
119,Stauß Mia Anna,F,Schwarz-Weiß Erfurt,0.0,-0.06666666666666667,0.3333333333333333,0.03333333333333333,0.0,0.18333333333333332,0.016666666666666666,0.03333333333333333,0.0,0.016666666666666666,0.0,0.0
120,Steger Claudia,F,VfB Suhl LOTTO Thüringen,2.37007874015748,0.8031496062992126,2.8503937007874014,0.2755905511811024,0.1732283464566929,4.244094488188976,0.33858267716535434,5.826771653543307,0.5196850393700787,0.4330708661417323,1.952755905511811,0.2440944881889764
121,Stemmler Lydia,F,Dresdner SC,0.0,0.0,0.0,0.0,0.0,0.0,0.0,0.0,0.0,0.0,0.0,0.0
122,Stigrot Lena,F,Dresdner SC,2.135593220338983,1.1271186440677967,2.1271186440677967,0.2033898305084746,0.15254237288135594,4.0423728813559325,0.17796610169491525,4.330508474576271,0.3474576271186441,0.2796610169491525,1.7966101694915255,0.1864406779661017
123,Stoltenborg Femke,F,SSC Palmberg Schwerin,0.3582089552238806,0.1791044776119403,1.2238805970149254,0.16417910447761194,0.07462686567164178,0.0,0.0,0.26865671641791045,0.014925373134328358,0.0,0.13432835820895522,0.14925373134328357
124,Storck Maja,F,Dresdner SC,4.426229508196721,2.2868852459016393,2.819672131147541,0.6967213114754098,0.21311475409836064,0.0,0.0,9.114754098360656,0.6639344262295082,0.7786885245901639,3.819672131147541,0.39344262295081966
125,Straube Sarah,F,Dresdner SC,0.050359712230215826,-0.02158273381294964,0.43884892086330934,0.06474820143884892,0.014388489208633094,0.0,0.0,0.06474820143884892,0.007194244604316547,0.0,0.014388489208633094,0.02158273381294964
126,Strubbe Monique,F,Dresdner SC,0.5535714285714286,0.2767857142857143,1.0178571428571428,0.16071428571428573,0.16071428571428573,0.03571428571428571,0.0,0.6696428571428571,0.0625,0.05357142857142857,0.29464285714285715,0.09821428571428571
127,Stöckmann Sina,F,Dresdner SC,0.0,0.0,0.0,0.0,0.0,0.0,0.0,0.0,0.0,0.0,0.0,0.0
128,Sunjic Jelena,F,VfB Suhl LOTTO Thüringen,0.9206349206349206,0.4444444444444444,1.0634920634920635,0.06349206349206349,0.06349206349206349,0.0,0.0,2.7142857142857144,0.14285714285714285,0.2698412698412698,0.8095238095238095,0.047619047619047616
129,Szaboova Sandra,F,NawaRo Straubing,0.8518518518518519,0.5555555555555556,0.9629629629629629,0.1111111111111111,0.0,0.14814814814814814,0.0,1.6296296296296295,0.07407407407407407,0.1111111111111111,0.7037037037037037,0.14814814814814814
130,Szakmáry Greta,F,SSC Palmberg Schwerin,3.2781954887218046,1.9473684210526316,3.6842105263157894,0.22556390977443608,0.24060150375939848,5.150375939849624,0.2781954887218045,6.526315789473684,0.48120300751879697,0.3458646616541353,2.6240601503759398,0.41353383458646614
131,Takagui Ana Tiemi,M,SC Potsdam,0.17266187050359713,-0.06474820143884892,0.841726618705036,0.04316546762589928,0.02158273381294964,2.1510791366906474,0.15827338129496402,0.2014388489208633,0.02158273381294964,0.014388489208633094,0.06474820143884892,0.08633093525179857
132,Taylor Nikki Leialoha,F,Rote Raben Vilsbiburg,3.566265060240964,1.5662650602409638,2.433734939759036,0.5421686746987951,0.3493975903614458,0.024096385542168676,0.0,7.63855421686747,0.7951807228915663,0.6626506024096386,2.855421686746988,0.3614457831325301
133,Timmerman Eline,F,Ladies in Black Aachen,2.0,1.4406779661016949,2.694915254237288,0.1694915254237288,0.15254237288135594,0.1864406779661017,0.0,3.288135593220339,0.22033898305084745,0.1694915254237288,1.4067796610169492,0.4406779661016949
134,Todorova Mira,F,Allianz MTV Stuttgart,1.7321428571428572,1.0714285714285714,2.9107142857142856,0.21428571428571427,0.17857142857142858,0.08928571428571429,0.017857142857142856,2.5,0.26785714285714285,0.16071428571428573,1.1607142857142858,0.39285714285714285
135,van Aalen Sarah Emma,F,USC Münster,0.42748091603053434,0.15267175572519084,1.6259541984732824,0.22900763358778625,0.05343511450381679,0.015267175572519083,0.0,0.5419847328244275,0.022900763358778626,0.022900763358778626,0.17557251908396945,0.1984732824427481
136,Vedder Lena,F,VC Wiesbaden,1.5317460317460319,-0.10317460317460317,2.1746031746031744,0.3412698412698413,0.10317460317460317,4.7063492063492065,0.2619047619047619,4.7063492063492065,0.4603174603174603,0.5238095238095238,1.3095238095238095,0.07936507936507936
137,Veltman Kelsey,F,SC Potsdam,2.1587301587301586,0.9682539682539683,2.8412698412698414,0.5396825396825397,0.14285714285714285,0.23809523809523808,0.0,2.8095238095238093,0.3333333333333333,0.31746031746031744,1.0952380952380953,0.9206349206349206
138,Vyklická Klara,F,VC Wiesbaden,1.4285714285714286,0.746031746031746,1.8174603174603174,0.2857142857142857,0.09523809523809523,0.07936507936507936,0.007936507936507936,2.261904761904762,0.23809523809523808,0.15079365079365079,1.0634920634920635,0.2698412698412698
139,Weitzel Camilla,F,Dresdner SC,2.7363636363636363,1.8818181818181818,4.127272727272727,0.4727272727272727,0.2909090909090909,0.14545454545454545,0.00909090909090909,3.4545454545454546,0.18181818181818182,0.19090909090909092,1.7818181818181817,0.6636363636363637
140,Werner Bianka,F,Schwarz-Weiß Erfurt,0.0,0.0,0.09090909090909091,0.0,0.0,0.0,0.0,0.0,0.0,0.0,0.0,0.0
141,Wesser Julia,F,VC Wiesbaden,1.4488188976377954,0.5590551181102362,1.968503937007874,0.11811023622047244,0.11023622047244094,3.748031496062992,0.25196850393700787,3.7716535433070866,0.2755905511811024,0.2440944881889764,1.1811023622047243,0.15748031496062992
142,Wezorke Barbara Roxana,F,USC Münster,1.7938931297709924,1.2290076335877862,2.7938931297709924,0.16793893129770993,0.15267175572519084,0.12213740458015267,0.015267175572519083,2.7022900763358777,0.24427480916030533,0.13740458015267176,1.3206106870229009,0.32061068702290074
143,White Jazmine,F,Rote Raben Vilsbiburg,1.5,1.0555555555555556,1.5555555555555556,0.16666666666666666,0.0,0.0,0.0,2.4444444444444446,0.0,0.2777777777777778,1.2222222222222223,0.2777777777777778
144,Wilczek Natalie,F,SC Potsdam,0.5683060109289617,0.3825136612021858,1.3224043715846994,0.04371584699453552,0.08196721311475409,0.0273224043715847,0.00546448087431694,0.9344262295081968,0.07650273224043716,0.060109289617486336,0.33879781420765026,0.14754098360655737
145,Wong-Orantes Justine,F,VC Wiesbaden,0.008403361344537815,-0.08403361344537816,0.0,0.0,0.0,3.1176470588235294,0.09243697478991597,0.008403361344537815,0.0,0.0,0.008403361344537815,0.0
146,Wruck Anna,F,VC Wiesbaden,1.7580645161290323,1.1451612903225807,2.903225806451613,0.25806451612903225,0.06451612903225806,0.1935483870967742,0.06451612903225806,3.338709677419355,0.1935483870967742,0.0967741935483871,1.2741935483870968,0.41935483870967744
147,Allik Karli,M,Netzhoppers KW-Bestensee,3.0,0.9852941176470589,3.2205882352941178,0.75,0.3235294117647059,5.573529411764706,0.3382352941176471,5.764705882352941,0.4264705882352941,0.5,2.4411764705882355,0.23529411764705882
148,Aloisi Luciano,M,Volleyball Bisons Bühl,0.1774193548387097,0.06451612903225806,1.1290322580645162,0.11290322580645161,0.03225806451612903,0.016129032258064516,0.0,0.0967741935483871,0.0,0.0,0.06451612903225806,0.08064516129032258
149,Amedegnato Djifa Julien,M,VCO Berlin,0.0,-0.16666666666666666,1.3333333333333333,0.16666666666666666,0.0,0.0,0.0,0.0,0.0,0.0,0.0,0.0
150,Andrae Björn,M,SWD powervolleys DÜREN,2.1615384615384614,0.7923076923076923,2.2615384615384615,0.4307692307692308,0.13076923076923078,4.053846153846154,0.26153846153846155,3.9461538461538463,0.25384615384615383,0.4230769230769231,1.8692307692307693,0.16153846153846155
151,Andrei Michael,M,SWD powervolleys DÜREN,1.7788461538461537,1.375,2.6153846153846154,0.1346153846153846,0.019230769230769232,0.1346153846153846,0.019230769230769232,2.076923076923077,0.09615384615384616,0.15384615384615385,1.2692307692307692,0.49038461538461536
152,Aylsworth Avery,M,VfB Friedrichshafen,0.0,-0.07142857142857142,0.0,0.0,0.0,2.142857142857143,0.07142857142857142,0.0,0.0,0.0,0.0,0.0
153,Baghdady Robin,M,BERLIN RECYCLING Volleys,0.11764705882352941,-0.11764705882352941,0.17647058823529413,0.11764705882352941,0.0,0.4117647058823529,0.058823529411764705,0.23529411764705882,0.058823529411764705,0.0,0.058823529411764705,0.058823529411764705
154,Balean Rares,M,VfB Friedrichshafen,1.8699186991869918,0.6341463414634146,1.6585365853658536,0.5121951219512195,0.14634146341463414,2.772357723577236,0.2845528455284553,2.894308943089431,0.2682926829268293,0.2601626016260163,1.5691056910569106,0.12195121951219512
155,Bann Blair,M,SWD powervolleys DÜREN,0.03125,-0.05,0.25625,0.025,0.01875,1.46875,0.05625,0.00625,0.0,0.0,0.00625,0.00625
156,Batanov Ivan,M,SWD powervolleys DÜREN,0.0380952380952381,-0.19047619047619047,0.02857142857142857,0.009523809523809525,0.009523809523809525,3.2857142857142856,0.21904761904761905,0.047619047619047616,0.0,0.0,0.02857142857142857,0.0
157,Baxpöhler Noah,M,United Volleys Frankfurt,2.0597014925373136,1.462686567164179,3.8059701492537314,0.2835820895522388,0.11940298507462686,0.22388059701492538,0.014925373134328358,2.6865671641791047,0.04477611940298507,0.22388059701492538,1.5970149253731343,0.34328358208955223
158,Bierwisch Ben,M,United Volleys Frankfurt,0.16279069767441862,-0.23255813953488372,0.3488372093023256,0.06976744186046512,0.023255813953488372,0.6744186046511628,0.13953488372093023,0.627906976744186,0.13953488372093023,0.046511627906976744,0.11627906976744186,0.023255813953488372
159,Böhme Marcus,M,VfB Friedrichshafen,1.2142857142857142,0.8571428571428571,1.8214285714285714,0.17857142857142858,0.03571428571428571,0.03571428571428571,0.0,1.5357142857142858,0.10714285714285714,0.07142857142857142,0.8214285714285714,0.35714285714285715
160,Bonin Ben-Simon,M,VfB Friedrichshafen,0.4146341463414634,-0.07317073170731707,0.6829268292682927,0.36585365853658536,0.0,1.5365853658536586,0.0975609756097561,0.8292682926829268,0.024390243902439025,0.0,0.3170731707317073,0.0975609756097561
161,Brand Tobias,M,SWD powervolleys DÜREN,1.5176470588235293,1.1137254901960785,1.9254901960784314,0.15294117647058825,0.043137254901960784,2.1137254901960785,0.13333333333333333,2.364705882352941,0.1411764705882353,0.13333333333333333,1.203921568627451,0.27058823529411763
162,Brandt Niklas,M,TSV Unterhaching,0.4935064935064935,0.0,0.8181818181818182,0.1038961038961039,0.05194805194805195,1.8181818181818181,0.12987012987012986,1.4155844155844155,0.06493506493506493,0.19480519480519481,0.36363636363636365,0.07792207792207792
163,Brandt Severin,M,TSV Unterhaching,0.0,0.0,0.08333333333333333,0.0,0.0,0.0,0.0,0.0,0.0,0.0,0.0,0.0
164,Breburda Jan,M,VCO Berlin,0.49122807017543857,0.2631578947368421,1.631578947368421,0.03508771929824561,0.0,0.08771929824561403,0.03508771929824561,0.9649122807017544,0.07017543859649122,0.08771929824561403,0.2982456140350877,0.19298245614035087
165,Brehme Anton,-,BERLIN RECYCLING Volleys,2.238095238095238,1.1746031746031746,2.6746031746031744,0.7857142857142857,0.21428571428571427,0.15079365079365079,0.03968253968253968,2.4285714285714284,0.1111111111111111,0.12698412698412698,1.4761904761904763,0.5476190476190477
166,Brentel Jannik,M,VCO Berlin,0.6567164179104478,-0.47761194029850745,1.164179104477612,0.4925373134328358,0.029850746268656716,2.388059701492537,0.2835820895522388,1.8656716417910448,0.1791044776119403,0.1791044776119403,0.582089552238806,0.04477611940298507
167,Broshog Tim,M,SWD powervolleys DÜREN,1.746031746031746,1.380952380952381,2.642857142857143,0.18253968253968253,0.10317460317460317,0.1349206349206349,0.0,1.8492063492063493,0.023809523809523808,0.15873015873015872,1.0873015873015872,0.5555555555555556
168,Burggräf Eric,M,SWD powervolleys DÜREN,0.15748031496062992,-0.03937007874015748,1.5984251968503937,0.1889763779527559,0.10236220472440945,0.007874015748031496,0.0,0.06299212598425197,0.0,0.007874015748031496,0.047244094488188976,0.007874015748031496
169,Carbonera Éder,M,BERLIN RECYCLING Volleys,1.523076923076923,0.5384615384615384,3.3384615384615386,0.8461538461538461,0.23076923076923078,0.2153846153846154,0.015384615384615385,1.4461538461538461,0.09230769230769231,0.03076923076923077,0.9692307692307692,0.3230769230769231
170,Carle Timothée,M,BERLIN RECYCLING Volleys,3.4516129032258065,1.6774193548387097,3.0,0.8064516129032258,0.27419354838709675,4.919354838709677,0.25806451612903225,4.854838709677419,0.3709677419354839,0.3387096774193548,2.9193548387096775,0.25806451612903225
171,Chefai Mohamed,M,TSV Unterhaching,0.3870967741935484,-0.0967741935483871,0.5967741935483871,0.14516129032258066,0.03225806451612903,2.0483870967741935,0.11290322580645161,0.8709677419354839,0.08064516129032258,0.14516129032258066,0.25806451612903225,0.0967741935483871
172,Craft William,M,SVG Lüneburg,0.55,0.23333333333333334,0.5666666666666667,0.13333333333333333,0.06666666666666667,1.1666666666666667,0.1,0.85,0.05,0.03333333333333333,0.38333333333333336,0.1
173,Dervisaj Leon,M,SVG Lüneburg,0.42718446601941745,0.1941747572815534,2.2766990291262137,0.16990291262135923,0.06796116504854369,0.04854368932038835,0.0,0.5145631067961165,0.03398058252427184,0.02912621359223301,0.23300970873786409,0.1262135922330097
174,Deshane Jordan,M,SWD powervolleys DÜREN,0.16393442622950818,0.04918032786885246,0.39344262295081966,0.08196721311475409,0.01639344262295082,0.01639344262295082,0.0,0.32786885245901637,0.01639344262295082,0.01639344262295082,0.13114754098360656,0.01639344262295082
175,Droszynsky Kamil,M,Netzhoppers KW-Bestensee,0.9,0.3,3.8,0.5,0.6,0.0,0.0,0.8,0.0,0.1,0.3,0.0
176,Eckardt Moritz,M,VCO Berlin,0.0,-0.21875,0.0,0.0,0.0,5.234375,0.21875,0.0,0.0,0.0,0.0,0.0
177,Engelmann Linus,M,United Volleys Frankfurt,0.29577464788732394,0.1619718309859155,0.6408450704225352,0.07746478873239436,0.014084507042253521,0.035211267605633804,0.007042253521126761,0.3873239436619718,0.035211267605633804,0.014084507042253521,0.2112676056338028,0.07042253521126761
178,Ernastowicz Marcin,M,SWD powervolleys DÜREN,2.3934426229508197,0.8688524590163934,2.7049180327868854,0.6229508196721312,0.22950819672131148,3.737704918032787,0.14754098360655737,3.8852459016393444,0.3442622950819672,0.4098360655737705,1.9508196721311475,0.21311475409836064
179,Eshenko Pearson,M,Helios GRIZZLYS Giesen,1.0615384615384615,0.4307692307692308,1.676923076923077,0.38461538461538464,0.046153846153846156,0.27692307692307694,0.015384615384615385,1.4615384615384615,0.16923076923076924,0.06153846153846154,0.7846153846153846,0.23076923076923078
180,Ewert Jordan,M,SVG Lüneburg,3.966666666666667,2.1666666666666665,3.75,0.36666666666666664,0.21666666666666667,5.716666666666667,0.4666666666666667,6.5,0.38333333333333336,0.5833333333333334,3.4166666666666665,0.3333333333333333
181,Ferch Iven Fietje,M,WWK Volleys Herrsching,0.5409836065573771,0.39344262295081966,0.8852459016393442,0.09836065573770492,0.04918032786885246,0.01639344262295082,0.0,0.5245901639344263,0.01639344262295082,0.03278688524590164,0.3114754098360656,0.18032786885245902
182,Fiel Rodriguez David,M,VfB Friedrichshafen,1.6888888888888889,1.2444444444444445,2.0,0.35555555555555557,0.2222222222222222,0.06666666666666667,0.022222222222222223,1.4666666666666666,0.06666666666666667,0.0,0.9333333333333333,0.5333333333333333
183,Friedrich Roy,M,TSV Unterhaching,0.9821428571428571,0.2857142857142857,1.6964285714285714,0.44642857142857145,0.08928571428571429,0.03571428571428571,0.0,1.5178571428571428,0.16071428571428573,0.08928571428571429,0.75,0.14285714285714285
184,Frohberg Marco,M,VCO Berlin,0.3958333333333333,0.0,0.5416666666666666,0.16666666666666666,0.041666666666666664,0.041666666666666664,0.0,1.2291666666666667,0.0625,0.16666666666666666,0.3125,0.041666666666666664
185,Gallas Simon,M,Volleyball Bisons Bühl,1.3387096774193548,0.5645161290322581,0.967741935483871,0.1774193548387097,0.016129032258064516,0.08064516129032258,0.0,2.806451612903226,0.3548387096774194,0.24193548387096775,1.1774193548387097,0.14516129032258066
186,Gehringer Paul,M,TSV Unterhaching,0.5806451612903226,0.016129032258064516,1.564516129032258,0.3064516129032258,0.016129032258064516,0.0967741935483871,0.016129032258064516,1.1129032258064515,0.0967741935483871,0.14516129032258066,0.45161290322580644,0.11290322580645161
187,Gerken Hannes,M,SVG Lüneburg,0.23333333333333334,-0.21666666666666667,1.9333333333333333,0.43333333333333335,0.2,0.0,0.0,0.03333333333333333,0.0,0.016666666666666666,0.0,0.03333333333333333
188,Gevert Sebastián,M,SWD powervolleys DÜREN,3.8615384615384616,2.076923076923077,3.4615384615384617,0.7230769230769231,0.4461538461538462,0.007692307692307693,0.007692307692307693,6.423076923076923,0.46153846153846156,0.5923076923076923,3.1846153846153844,0.23076923076923078
189,Goralik Yannick,M,Netzhoppers KW-Bestensee,1.0380952380952382,0.7904761904761904,2.238095238095238,0.0761904761904762,0.047619047619047616,0.05714285714285714,0.0,1.4857142857142858,0.05714285714285714,0.11428571428571428,0.7047619047619048,0.2857142857142857
190,Grankin Sergey,M,BERLIN RECYCLING Volleys,0.5545454545454546,-0.10909090909090909,2.5545454545454547,0.5545454545454546,0.19090909090909092,0.06363636363636363,0.01818181818181818,0.4727272727272727,0.06363636363636363,0.02727272727272727,0.2818181818181818,0.08181818181818182
191,Graven Leonard,M,TSV Unterhaching,0.0,-0.288135593220339,0.0,0.0,0.0,4.101694915254237,0.288135593220339,0.0,0.0,0.0,0.0,0.0
192,Grozer Tim,M,United Volleys Frankfurt,3.4296875,1.1328125,3.265625,0.9140625,0.421875,5.3515625,0.296875,6.3046875,0.578125,0.5234375,2.796875,0.21875
193,Günthör Jakob,M,United Volleys Frankfurt,0.7105263157894737,0.41228070175438597,1.3070175438596492,0.16666666666666666,0.07894736842105263,0.07894736842105263,0.008771929824561403,0.9122807017543859,0.06140350877192982,0.06140350877192982,0.41228070175438597,0.21929824561403508
194,Gust Levin,M,Netzhoppers KW-Bestensee,0.0,0.0,0.0,0.0,0.0,0.0,0.0,0.0,0.0,0.0,0.0,0.0
195,Henning Paul,M,Volleyball Bisons Bühl,1.0076335877862594,0.5038167938931297,2.2290076335877864,0.2595419847328244,0.1297709923664122,0.17557251908396945,0.0,1.4427480916030535,0.16030534351145037,0.08396946564885496,0.7022900763358778,0.17557251908396945
196,Hopt Jannis,M,Helios GRIZZLYS Giesen,0.09219858156028368,-0.02127659574468085,0.40425531914893614,0.09219858156028368,0.0070921985815602835,0.07801418439716312,0.0070921985815602835,0.19858156028368795,0.014184397163120567,0.0,0.03546099290780142,0.04964539007092199
197,Hosch Tobias,M,VCO Berlin,0.2537313432835821,-0.014925373134328358,2.298507462686567,0.22388059701492538,0.1044776119402985,0.1044776119402985,0.04477611940298507,0.1044776119402985,0.0,0.0,0.04477611940298507,0.1044776119402985
198,Hoyer Julian,M,VCO Berlin,1.1538461538461537,-0.12307692307692308,1.3692307692307693,0.2923076923076923,0.06153846153846154,3.1384615384615384,0.16923076923076924,3.0615384615384613,0.38461538461538464,0.4307692307692308,1.0,0.09230769230769231
199,Hüger Linus,M,United Volleys Frankfurt,0.43548387096774194,0.0,1.0806451612903225,0.11290322580645161,0.06451612903225806,1.6774193548387097,0.14516129032258066,0.9193548387096774,0.06451612903225806,0.11290322580645161,0.3225806451612903,0.04838709677419355
200,Hüther Franz,M,VCO Berlin,1.0149253731343284,0.7164179104477612,1.6567164179104477,0.16417910447761194,0.04477611940298507,0.08955223880597014,0.014925373134328358,1.328358208955224,0.1044776119402985,0.014925373134328358,0.7014925373134329,0.26865671641791045
201,Ilic Dorde,M,WWK Volleys Herrsching,2.0275229357798166,1.4495412844036697,3.3944954128440368,0.30275229357798167,0.09174311926605505,0.08256880733944955,0.01834862385321101,2.697247706422018,0.11009174311926606,0.14678899082568808,1.4128440366972477,0.5229357798165137
202,Imhoff Facundo,M,United Volleys Frankfurt,2.619047619047619,2.0476190476190474,3.380952380952381,0.16666666666666666,0.047619047619047616,0.2619047619047619,0.11904761904761904,2.880952380952381,0.16666666666666666,0.11904761904761904,1.880952380952381,0.6904761904761905
203,Ireland Craig,M,SWD powervolleys DÜREN,0.44642857142857145,0.017857142857142856,0.7678571428571429,0.17857142857142858,0.05357142857142857,1.6607142857142858,0.16071428571428573,0.6785714285714286,0.05357142857142857,0.03571428571428571,0.30357142857142855,0.08928571428571429
204,Jackson James,M,Netzhoppers KW-Bestensee,0.6029411764705882,0.14705882352941177,0.6764705882352942,0.19117647058823528,0.014705882352941176,0.0,0.0,1.6176470588235294,0.08823529411764706,0.17647058823529413,0.5735294117647058,0.014705882352941176
205,Jalowietzki Jan,M,Netzhoppers KW-Bestensee,0.23076923076923078,-0.027972027972027972,0.34965034965034963,0.08391608391608392,0.03496503496503497,0.993006993006993,0.06993006993006994,0.5454545454545454,0.04895104895104895,0.055944055944055944,0.16783216783216784,0.027972027972027972
206,John Filip,M,VCO Berlin,3.9482758620689653,2.2241379310344827,2.103448275862069,0.3103448275862069,0.05172413793103448,0.13793103448275862,0.034482758620689655,8.0,0.6551724137931034,0.6379310344827587,3.7586206896551726,0.13793103448275862
207,Juhkami Martti,M,VfB Friedrichshafen,2.1315789473684212,1.043859649122807,2.3947368421052633,0.43859649122807015,0.09649122807017543,3.7280701754385963,0.2719298245614035,3.526315789473684,0.18421052631578946,0.2631578947368421,1.7719298245614035,0.2631578947368421
208,Jurkovics Mathäus,M,Volleyball Bisons Bühl,1.2803030303030303,0.6363636363636364,2.0454545454545454,0.4015151515151515,0.08333333333333333,0.17424242424242425,0.03787878787878788,1.7651515151515151,0.09090909090909091,0.11363636363636363,0.8560606060606061,0.3409090909090909
209,Just Maximilian,M,VCO Berlin,0.4666666666666667,0.03333333333333333,0.625,0.15,0.03333333333333333,0.8416666666666667,0.06666666666666667,1.1166666666666667,0.09166666666666666,0.125,0.38333333333333336,0.05
210,Kaliberda Denys,M,BERLIN RECYCLING Volleys,0.9354838709677419,0.25806451612903225,1.5483870967741935,0.3870967741935484,0.0,1.967741935483871,0.06451612903225806,1.8064516129032258,0.12903225806451613,0.0967741935483871,0.9032258064516129,0.03225806451612903
211,Kaminski Jonas,M,WWK Volleys Herrsching,0.8792270531400966,0.3526570048309179,2.256038647342995,0.3140096618357488,0.1111111111111111,0.3188405797101449,0.03864734299516908,1.2946859903381642,0.0966183574879227,0.07729468599033816,0.5893719806763285,0.178743961352657
212,Kapur Milorad,F,Helios GRIZZLYS Giesen,1.4345238095238095,0.6071428571428571,1.1071428571428572,0.17857142857142858,0.06547619047619048,3.4226190476190474,0.19047619047619047,3.1666666666666665,0.25,0.20833333333333334,1.2797619047619047,0.08928571428571429
213,Kern Jacob,M,Helios GRIZZLYS Giesen,0.8387096774193549,0.0967741935483871,1.3548387096774193,0.4032258064516129,0.08064516129032258,0.08064516129032258,0.016129032258064516,1.5,0.14516129032258066,0.1774193548387097,0.6129032258064516,0.14516129032258066
214,Kersting Maximilian,M,VCO Berlin,0.8888888888888888,0.2222222222222222,1.9333333333333333,0.4222222222222222,0.0,0.1111111111111111,0.0,1.2444444444444445,0.13333333333333333,0.1111111111111111,0.6,0.28888888888888886
215,Kessel Cody,M,BERLIN RECYCLING Volleys,2.2421875,1.359375,2.265625,0.28125,0.0546875,3.7734375,0.2578125,3.65625,0.125,0.21875,1.984375,0.203125
216,Keturakis Byron,M,Netzhoppers KW-Bestensee,1.396551724137931,0.6896551724137931,3.4827586206896552,0.5,0.29310344827586204,0.06896551724137931,0.0,1.2586206896551724,0.15517241379310345,0.05172413793103448,0.6206896551724138,0.4827586206896552
217,Klooss Adrian Lennart,M,Netzhoppers KW-Bestensee,0.006993006993006993,-0.03496503496503497,0.2937062937062937,0.03496503496503497,0.006993006993006993,0.0,0.0,0.006993006993006993,0.0,0.006993006993006993,0.0,0.0
218,Kocian Tomas,M,SWD powervolleys DÜREN,0.8706467661691543,0.15422885572139303,2.3134328358208953,0.48258706467661694,0.11442786069651742,1.1144278606965174,0.05472636815920398,1.2189054726368158,0.07960199004975124,0.09950248756218906,0.582089552238806,0.17412935323383086
219,Koslowsky Tyler,M,SVG Lüneburg,0.0,-0.3828125,0.0,0.0,0.0,4.921875,0.3828125,0.0078125,0.0,0.0,0.0,0.0
220,Kovác Jakub,M,Netzhoppers KW-Bestensee,0.5441176470588235,0.16176470588235295,1.161764705882353,0.27941176470588236,0.014705882352941176,0.014705882352941176,0.0,0.6764705882352942,0.058823529411764705,0.04411764705882353,0.38235294117647056,0.14705882352941177
221,Kowalski Adam,M,BERLIN RECYCLING Volleys,0.007633587786259542,-0.007633587786259542,0.0,0.0,0.0,0.5648854961832062,0.015267175572519083,0.015267175572519083,0.0,0.0,0.007633587786259542,0.0
222,Krage Florian,M,SVG Lüneburg,1.4375,0.796875,2.2890625,0.3515625,0.0859375,0.125,0.0234375,1.6484375,0.15625,0.109375,0.890625,0.4609375
223,Kronthaler Niklas,M,Volleyball Bisons Bühl,2.63768115942029,0.7898550724637681,3.3333333333333335,0.5144927536231884,0.11594202898550725,6.108695652173913,0.2318840579710145,4.942028985507246,0.644927536231884,0.45652173913043476,2.152173913043478,0.3695652173913043
224,Krüger Merten,M,WWK Volleys Herrsching,0.2283464566929134,0.14960629921259844,1.5905511811023623,0.05511811023622047,0.03937007874015748,0.023622047244094488,0.007874015748031496,0.13385826771653545,0.007874015748031496,0.007874015748031496,0.07086614173228346,0.11811023622047244
225,Kühner Sebastian,M,BERLIN RECYCLING Volleys,0.08333333333333333,0.08333333333333333,0.125,0.0,0.041666666666666664,0.0,0.0,0.041666666666666664,0.0,0.0,0.041666666666666664,0.0
226,Kvrzic Milan,M,VCO Berlin,0.15555555555555556,-0.08888888888888889,0.4666666666666667,0.1111111111111111,0.0,0.5777777777777777,0.08888888888888889,0.3333333333333333,0.022222222222222223,0.022222222222222223,0.1111111111111111,0.044444444444444446
227,Lauter Philipp,M,United Volleys Frankfurt,0.0,0.0,0.08333333333333333,0.0,0.0,0.0,0.0,0.041666666666666664,0.0,0.0,0.0,0.0
228,Lembach Justus,M,WWK Volleys Herrsching,0.01639344262295082,0.01639344262295082,0.03278688524590164,0.0,0.0,0.0,0.0,0.03278688524590164,0.0,0.0,0.0,0.01639344262295082
229,Le Roux Kevin,M,BERLIN RECYCLING Volleys,0.0,0.0,0.0,0.0,0.0,0.0,0.0,0.0,0.0,0.0,0.0,0.0
230,Lind Jonas,M,Volleyball Bisons Bühl,0.09090909090909091,0.0,1.2077922077922079,0.24675324675324675,0.03896103896103896,0.16883116883116883,0.025974025974025976,0.22077922077922077,0.0,0.0,0.03896103896103896,0.025974025974025976
231,Lindberg Viktor,M,SVG Lüneburg,2.734375,1.046875,3.3515625,0.765625,0.46875,5.5234375,0.4140625,5.0859375,0.265625,0.2421875,2.09375,0.171875
232,Lopez Tomas,M,Volleyball Bisons Bühl,2.9322033898305087,1.6440677966101696,2.3728813559322033,0.4915254237288136,0.1864406779661017,2.8813559322033897,0.1016949152542373,4.796610169491525,0.3898305084745763,0.3050847457627119,2.4237288135593222,0.3220338983050847
233,Maase Lukas,M,VfB Friedrichshafen,1.7218045112781954,0.9022556390977443,1.5112781954887218,0.3157894736842105,0.07518796992481203,1.0902255639097744,0.06766917293233082,3.030075187969925,0.2857142857142857,0.15037593984962405,1.518796992481203,0.12781954887218044
234,Malescha Daniel,M,United Volleys Frankfurt,1.6445497630331753,0.8056872037914692,1.6113744075829384,0.2985781990521327,0.10900473933649289,0.5639810426540285,0.052132701421800945,3.109004739336493,0.22748815165876776,0.26066350710900477,1.3933649289099526,0.14218009478672985
235,Mantha Jori Alexander,M,WWK Volleys Herrsching,2.6929133858267718,0.8031496062992126,2.6377952755905514,0.7480314960629921,0.2755905511811024,5.984251968503937,0.5354330708661418,4.78740157480315,0.33070866141732286,0.2755905511811024,2.2125984251968505,0.2047244094488189
236,Marechal Nicolas,M,VfB Friedrichshafen,2.0434782608695654,0.6739130434782609,3.3260869565217392,0.5,0.17391304347826086,4.086956521739131,0.15217391304347827,3.8043478260869565,0.32608695652173914,0.391304347826087,1.608695652173913,0.2608695652173913
237,Mayaula Nzeza Magloire,M,Helios GRIZZLYS Giesen,2.21978021978022,1.6153846153846154,3.0,0.23076923076923078,0.07692307692307693,0.0989010989010989,0.02197802197802198,2.8241758241758244,0.2087912087912088,0.14285714285714285,1.7142857142857142,0.42857142857142855
238,Meier Leon,M,Volleyball Bisons Bühl,0.06,0.0,0.1,0.0,0.0,0.42,0.0,0.26,0.02,0.04,0.06,0.0
239,Menner Anton,M,Helios GRIZZLYS Giesen,1.6062992125984252,0.3464566929133858,1.937007874015748,0.4409448818897638,0.06299212598425197,3.5196850393700787,0.2204724409448819,3.377952755905512,0.25196850393700787,0.3464566929133858,1.3700787401574803,0.1732283464566929
240,Michelucci Renan,M,BERLIN RECYCLING Volleys,1.4,0.8923076923076924,1.9538461538461538,0.36923076923076925,0.09230769230769231,0.06153846153846154,0.0,1.3692307692307693,0.09230769230769231,0.046153846153846156,0.9384615384615385,0.36923076923076925
241,Möller Onno,F,Rote Raben Vilsbiburg,0.6906077348066298,0.40331491712707185,2.226519337016575,0.26519337016574585,0.10497237569060773,0.016574585635359115,0.0,0.585635359116022,0.03867403314917127,0.06077348066298342,0.27071823204419887,0.2983425414364641
242,Molzen Kjell Christian,M,United Volleys Frankfurt,0.0,0.0,0.0,0.0,0.0,0.0,0.0,0.0,0.0,0.0,0.0,0.0
243,Mönnich Johannes,M,Netzhoppers KW-Bestensee,2.173611111111111,0.9027777777777778,2.2916666666666665,0.4583333333333333,0.1527777777777778,0.020833333333333332,0.0,4.520833333333333,0.375,0.4375,1.9097222222222223,0.1111111111111111
244,Moraes Davy,M,BERLIN RECYCLING Volleys,1.0615384615384615,0.4,1.0461538461538462,0.26153846153846155,0.06153846153846154,0.0,0.0,1.8615384615384616,0.18461538461538463,0.2153846153846154,0.8461538461538461,0.15384615384615385
245,Mote Nehemiah,M,VfB Friedrichshafen,1.5934959349593496,1.170731707317073,3.105691056910569,0.21951219512195122,0.14634146341463414,0.21138211382113822,0.032520325203252036,1.7317073170731707,0.11382113821138211,0.056910569105691054,1.032520325203252,0.4146341463414634
246,Paduretu Eric,M,TSV Unterhaching,0.016129032258064516,-0.11290322580645161,0.5645161290322581,0.11290322580645161,0.016129032258064516,0.016129032258064516,0.0,0.016129032258064516,0.016129032258064516,0.0,0.0,0.0
247,Patch Benjamin,M,BERLIN RECYCLING Volleys,3.822429906542056,2.1869158878504673,2.897196261682243,0.794392523364486,0.2616822429906542,0.0,0.0,5.906542056074766,0.27102803738317754,0.5700934579439252,3.2616822429906542,0.29906542056074764
248,Peemüller Richard,M,WWK Volleys Herrsching,1.829268292682927,0.8861788617886179,1.1951219512195121,0.34959349593495936,0.04065040650406504,0.024390243902439025,0.008130081300813009,3.227642276422764,0.3089430894308943,0.2764227642276423,1.6178861788617886,0.17073170731707318
249,Penrose Jalen,M,WWK Volleys Herrsching,4.243478260869566,1.7304347826086957,3.4347826086956523,0.9652173913043478,0.5478260869565217,0.034782608695652174,0.008695652173913044,6.878260869565217,0.782608695652174,0.7565217391304347,3.5304347826086957,0.16521739130434782
250,Peter Tim,M,WWK Volleys Herrsching,2.6793893129770994,0.8396946564885496,3.33587786259542,0.48854961832061067,0.16030534351145037,5.66412213740458,0.4961832061068702,4.557251908396947,0.42748091603053434,0.42748091603053434,2.198473282442748,0.32061068702290074
251,Petrusic Juro,M,TSV Unterhaching,1.1290322580645162,0.1935483870967742,1.2096774193548387,0.3387096774193548,0.06451612903225806,0.0,0.0,2.7580645161290325,0.27419354838709675,0.3225806451612903,0.967741935483871,0.0967741935483871
252,Pörner Jannik,M,SVG Lüneburg,1.685483870967742,1.096774193548387,1.532258064516129,0.11290322580645161,0.016129032258064516,0.04838709677419355,0.008064516129032258,3.2016129032258065,0.20161290322580644,0.2661290322580645,1.467741935483871,0.20161290322580644
253,Pujol Pierre,M,BERLIN RECYCLING Volleys,0.3968253968253968,0.25396825396825395,1.8968253968253967,0.09523809523809523,0.07142857142857142,0.023809523809523808,0.0,0.30952380952380953,0.031746031746031744,0.015873015873015872,0.11904761904761904,0.20634920634920634
254,Quiroga Rodrigo,M,United Volleys Frankfurt,1.8,0.21818181818181817,2.963636363636364,0.23636363636363636,0.01818181818181818,8.036363636363637,0.41818181818181815,4.072727272727272,0.32727272727272727,0.6363636363636364,1.8,0.05454545454545454
255,Ratajczak Kamil,M,Netzhoppers KW-Bestensee,0.0,-0.32867132867132864,0.0,0.0,0.0,4.258741258741258,0.32867132867132864,0.006993006993006993,0.0,0.0,0.0,0.0
256,Reinhardt Jonas,M,United Volleys Frankfurt,0.48717948717948717,0.10256410256410256,0.8205128205128205,0.07692307692307693,0.0,1.5128205128205128,0.10256410256410256,1.0,0.02564102564102564,0.1794871794871795,0.4358974358974359,0.05128205128205128
257,Reusch Johann,M,VCO Berlin,0.25405405405405407,0.016216216216216217,0.372972972972973,0.0972972972972973,0.010810810810810811,1.037837837837838,0.05405405405405406,0.4540540540540541,0.02702702702702703,0.05945945945945946,0.21081081081081082,0.032432432432432434
258,Ringseis Florian,M,Volleyball Bisons Bühl,0.0,-0.18840579710144928,0.0,0.0,0.0,4.442028985507246,0.18840579710144928,0.0,0.0,0.0,0.0,0.0
259,Röhrs Erik,M,Volleyball Bisons Bühl,2.759493670886076,1.1518987341772151,2.949367088607595,0.6075949367088608,0.3291139240506329,3.8987341772151898,0.21518987341772153,5.1645569620253164,0.3291139240506329,0.45569620253164556,2.189873417721519,0.24050632911392406
260,Röling Jan,M,Helios GRIZZLYS Giesen,0.2608695652173913,-0.19130434782608696,2.252173913043478,0.34782608695652173,0.06956521739130435,0.14782608695652175,0.02608695652173913,0.46956521739130436,0.05217391304347826,0.02608695652173913,0.11304347826086956,0.0782608695652174
261,Sagstetter Benedikt,M,TSV Unterhaching,0.3712121212121212,-0.09090909090909091,1.6515151515151516,0.3333333333333333,0.022727272727272728,0.20454545454545456,0.015151515151515152,0.5909090909090909,0.06060606060606061,0.05303030303030303,0.25,0.09848484848484848
262,Sagstetter Jonas,M,TSV Unterhaching,1.6595744680851063,0.2198581560283688,2.269503546099291,0.3262411347517731,0.11347517730496454,4.567375886524823,0.3120567375886525,3.872340425531915,0.3262411347517731,0.475177304964539,1.3971631205673758,0.14893617021276595
263,Schippmann Timon,M,Helios GRIZZLYS Giesen,0.594059405940594,0.04950495049504951,1.306930693069307,0.1782178217821782,0.0297029702970297,2.396039603960396,0.15841584158415842,1.3267326732673268,0.10891089108910891,0.09900990099009901,0.5148514851485149,0.04950495049504951
264,Schlien Michel,M,SVG Lüneburg,1.5390625,1.1640625,2.953125,0.234375,0.1796875,0.15625,0.0078125,1.609375,0.046875,0.0859375,0.8125,0.546875
265,Schmidgall Mario,M,United Volleys Frankfurt,0.45544554455445546,0.297029702970297,1.386138613861386,0.0891089108910891,0.039603960396039604,0.0594059405940594,0.019801980198019802,0.39603960396039606,0.039603960396039604,0.009900990099009901,0.26732673267326734,0.1485148514851485
266,Schöps Jochen,M,United Volleys Frankfurt,1.8101265822784811,1.1012658227848102,1.759493670886076,0.27848101265822783,0.10126582278481013,0.05063291139240506,0.0,3.329113924050633,0.189873417721519,0.24050632911392406,1.4556962025316456,0.25316455696202533
267,Schulz Max,M,VCO Berlin,0.916030534351145,0.15267175572519084,0.7022900763358778,0.24427480916030533,0.015267175572519083,0.9770992366412213,0.06870229007633588,2.5114503816793894,0.21374045801526717,0.2366412213740458,0.7938931297709924,0.10687022900763359
268,Schumann Philipp,M,SWD powervolleys DÜREN,1.2256410256410257,0.5692307692307692,1.841025641025641,0.37435897435897436,0.1076923076923077,0.041025641025641026,0.0,1.8358974358974358,0.15384615384615385,0.1282051282051282,0.8871794871794871,0.23076923076923078
269,Seybering David,M,Helios GRIZZLYS Giesen,1.3384615384615384,1.0,1.9230769230769231,0.2,0.03076923076923077,0.07692307692307693,0.0,1.7692307692307692,0.046153846153846156,0.09230769230769231,1.0461538461538462,0.26153846153846155
270,Solbrig Dalton,M,SVG Lüneburg,0.9117647058823529,0.35294117647058826,1.5294117647058822,0.47058823529411764,0.029411764705882353,0.38235294117647056,0.058823529411764705,0.7941176470588235,0.029411764705882353,0.0,0.5294117647058824,0.35294117647058826
271,Steuerwald Markus,M,VfB Friedrichshafen,0.017857142857142856,-0.09821428571428571,0.017857142857142856,0.0,0.0,3.4642857142857144,0.11607142857142858,0.017857142857142856,0.0,0.0,0.0,0.0
272,Stöhr Tim,M,Volleyball Bisons Bühl,0.9289617486338798,0.3770491803278688,1.546448087431694,0.18579234972677597,0.04918032786885246,2.1420765027322406,0.08196721311475409,1.6885245901639345,0.15300546448087432,0.13114754098360656,0.6612021857923497,0.2185792349726776
273,Suck Fabian,M,TSV Unterhaching,0.7903225806451613,0.3225806451612903,2.7903225806451615,0.3064516129032258,0.11290322580645161,0.0967741935483871,0.016129032258064516,1.3548387096774193,0.12903225806451613,0.016129032258064516,0.4838709677419355,0.1935483870967742
274,Szabó Alpár,M,Volleyball Bisons Bühl,1.098901098901099,0.8461538461538461,2.076923076923077,0.07692307692307693,0.054945054945054944,0.13186813186813187,0.01098901098901099,1.2087912087912087,0.054945054945054944,0.10989010989010989,0.5934065934065934,0.45054945054945056
275,Thiel Stefan,M,Volleyball Bisons Bühl,0.37894736842105264,0.18947368421052632,3.0210526315789474,0.10526315789473684,0.09473684210526316,0.09473684210526316,0.042105263157894736,0.3368421052631579,0.021052631578947368,0.021052631578947368,0.15789473684210525,0.12631578947368421
276,Thole Konrad,M,SVG Lüneburg,0.5229357798165137,0.01834862385321101,0.5321100917431193,0.1559633027522936,0.03669724770642202,1.4495412844036697,0.1926605504587156,1.110091743119266,0.07339449541284404,0.08256880733944955,0.3853211009174312,0.10091743119266056
277,Thom Benjamin,M,TSV Unterhaching,0.0967741935483871,0.03225806451612903,0.6935483870967742,0.03225806451612903,0.0,0.03225806451612903,0.0,0.20967741935483872,0.016129032258064516,0.016129032258064516,0.08064516129032258,0.016129032258064516
278,Tille Ferdinand,M,WWK Volleys Herrsching,0.0,-0.2755905511811024,0.0,0.0,0.0,4.283464566929134,0.2755905511811024,0.007874015748031496,0.0,0.0,0.0,0.0
279,Tille Johannes,M,WWK Volleys Herrsching,0.6199095022624435,0.09954751131221719,2.5972850678733033,0.46153846153846156,0.3257918552036199,0.4072398190045249,0.027149321266968326,0.4253393665158371,0.013574660633484163,0.01809954751131222,0.14027149321266968,0.15384615384615385
280,Timmermann Theo,M,Netzhoppers KW-Bestensee,2.2867132867132867,0.6013986013986014,2.664335664335664,0.5594405594405595,0.23776223776223776,6.06993006993007,0.3146853146853147,4.188811188811189,0.3916083916083916,0.4195804195804196,1.9090909090909092,0.13986013986013987
281,Topuzliev Simeon,M,TSV Unterhaching,3.1774193548387095,0.46774193548387094,2.693548387096774,0.9193548387096774,0.1935483870967742,7.935483870967742,0.46774193548387094,7.290322580645161,0.46774193548387094,0.8548387096774194,2.8225806451612905,0.16129032258064516
282,Tsuiki Satoshi,M,United Volleys Frankfurt,0.0,-0.22388059701492538,0.0,0.0,0.0,4.611940298507463,0.22388059701492538,0.0,0.0,0.0,0.0,0.0
283,Tuia Samuele,M,BERLIN RECYCLING Volleys,1.75,0.75,2.274193548387097,0.3951612903225806,0.13709677419354838,3.056451612903226,0.12096774193548387,2.9193548387096775,0.23387096774193547,0.25,1.3951612903225807,0.21774193548387097
284,Urban Melf,M,United Volleys Frankfurt,0.2222222222222222,0.1111111111111111,0.4444444444444444,0.037037037037037035,0.037037037037037035,0.0,0.0,0.2962962962962963,0.07407407407407407,0.0,0.14814814814814814,0.037037037037037035
285,Valkiers Matthias,M,United Volleys Frankfurt,0.5309734513274337,0.2831858407079646,3.1327433628318584,0.1415929203539823,0.11504424778761062,0.07079646017699115,0.008849557522123894,0.48672566371681414,0.04424778761061947,0.008849557522123894,0.24778761061946902,0.1592920353982301
286,Van Berkel Lucas Joshua,M,SWD powervolleys DÜREN,1.901639344262295,1.5737704918032787,2.262295081967213,0.18032786885245902,0.03278688524590164,0.18032786885245902,0.0,2.1311475409836067,0.04918032786885246,0.09836065573770492,1.4098360655737705,0.45901639344262296
287,van der Ent Luuc Cornelius,M,WWK Volleys Herrsching,2.19672131147541,1.2295081967213115,3.1311475409836067,0.6065573770491803,0.14754098360655737,0.14754098360655737,0.01639344262295082,2.5737704918032787,0.19672131147540983,0.14754098360655737,1.5737704918032787,0.47540983606557374
288,van de Velde Arno,M,VfB Friedrichshafen,0.5111111111111111,0.2222222222222222,1.511111111111111,0.17777777777777778,0.0,0.044444444444444446,0.0,0.8444444444444444,0.08888888888888889,0.022222222222222223,0.4222222222222222,0.08888888888888889
289,van Solkema Gijs,M,SVG Lüneburg,0.3010752688172043,0.0,2.4193548387096775,0.24731182795698925,0.053763440860215055,0.08602150537634409,0.0,0.3225806451612903,0.053763440860215055,0.0,0.0967741935483871,0.15053763440860216
290,van Tilburg Stijn,M,Helios GRIZZLYS Giesen,4.2153846153846155,2.292307692307692,3.646153846153846,0.5692307692307692,0.24615384615384617,5.030769230769231,0.27692307692307694,7.461538461538462,0.4153846153846154,0.6615384615384615,3.6153846153846154,0.35384615384615387
291,Vaskelis Edvinas,M,Volleyball Bisons Bühl,2.1313131313131315,1.1515151515151516,1.7777777777777777,0.26262626262626265,0.10101010101010101,0.04040404040404041,0.0,4.232323232323233,0.3838383838383838,0.3333333333333333,1.8484848484848484,0.18181818181818182
292,Vincic Dejan,M,VfB Friedrichshafen,0.5882352941176471,0.4411764705882353,3.235294117647059,0.058823529411764705,0.029411764705882353,0.029411764705882353,0.0,0.7352941176470589,0.08823529411764706,0.0,0.35294117647058826,0.20588235294117646
293,Wagner Hauke,M,Helios GRIZZLYS Giesen,2.8118811881188117,1.316831683168317,2.1584158415841586,0.5148514851485149,0.12871287128712872,0.07920792079207921,0.009900990099009901,4.881188118811881,0.5148514851485149,0.45544554455445546,2.4653465346534653,0.21782178217821782
294,Weber Linus,M,VfB Friedrichshafen,4.146341463414634,2.4634146341463414,2.268292682926829,0.9512195121951219,0.12195121951219512,0.04878048780487805,0.0,6.146341463414634,0.2682926829268293,0.4634146341463415,3.6341463414634148,0.3902439024390244
295,Weir James,M,Netzhoppers KW-Bestensee,2.035971223021583,1.2158273381294964,3.0719424460431655,0.5107913669064749,0.17266187050359713,0.1079136690647482,0.014388489208633094,2.3956834532374103,0.17266187050359713,0.1223021582733813,1.4676258992805755,0.39568345323741005
296,Welsch Laurenz,F,WWK Volleys Herrsching,0.09803921568627451,0.058823529411764705,0.3333333333333333,0.029411764705882353,0.0,0.058823529411764705,0.0,0.11764705882352941,0.00980392156862745,0.0,0.058823529411764705,0.0392156862745098
297,Westphal Dirk,M,Netzhoppers KW-Bestensee,3.195804195804196,1.916083916083916,2.7902097902097904,0.17482517482517482,0.13286713286713286,4.2027972027972025,0.3356643356643357,6.146853146853147,0.32867132867132864,0.4405594405594406,2.937062937062937,0.1258741258741259
298,Wieczorek David Matthew,M,WWK Volleys Herrsching,1.0327868852459017,0.4262295081967213,1.278688524590164,0.18032786885245902,0.09836065573770492,2.540983606557377,0.21311475409836064,1.9672131147540983,0.03278688524590164,0.18032786885245902,0.8688524590163934,0.06557377049180328
299,Worsley Joseph,M,VfB Friedrichshafen,0.2032520325203252,-0.032520325203252036,2.089430894308943,0.21138211382113822,0.06504065040650407,0.024390243902439025,0.0,0.11382113821138211,0.016260162601626018,0.008130081300813009,0.056910569105691054,0.08130081300813008
300,Zahar George Alexandru,M,TSV Unterhaching,2.3220338983050848,0.1864406779661017,1.694915254237288,0.7966101694915254,0.03389830508474576,0.03389830508474576,0.01694915254237288,5.576271186440678,0.5423728813559322,0.7796610169491526,2.23728813559322,0.05084745762711865
301,Zenger Julian,M,BERLIN RECYCLING Volleys,0.0,-0.203125,0.0,0.0,0.0,3.59375,0.203125,0.0,0.0,0.0,0.0,0.0
302,Jendryk Il Jeffrey,M,BERLIN RECYCLING Volleys,2.4285714285714284,1.6349206349206349,3.5396825396825395,0.47619047619047616,0.23809523809523808,0.19047619047619047,0.0,2.7301587301587302,0.14285714285714285,0.1746031746031746,1.6984126984126984,0.49206349206349204
303,Klein Georg,M,BERLIN RECYCLING Volleys,0.6515151515151515,0.42424242424242425,1.606060606060606,0.13636363636363635,0.030303030303030304,0.015151515151515152,0.0,0.8181818181818182,0.030303030303030304,0.06060606060606061,0.45454545454545453,0.16666666666666666
304,Walther Elias,M,Volleyball Bisons Bühl,0.0,0.0,0.0,0.0,0.0,0.0,0.0,0.0,0.0,0.0,0.0,0.0
305,Ensing Kyle,M,BERLIN RECYCLING Volleys,2.017857142857143,0.7678571428571429,2.0535714285714284,0.5535714285714286,0.23214285714285715,0.017857142857142856,0.0,4.017857142857143,0.4107142857142857,0.2857142857142857,1.6428571428571428,0.14285714285714285
306,Watson Karis Elizabeth,F,VfB Suhl LOTTO Thüringen,1.734375,0.796875,1.671875,0.46875,0.078125,0.03125,0.015625,2.4375,0.21875,0.234375,1.109375,0.546875
307,Escamilla Ana,F,SC Potsdam,1.88135593220339,0.576271186440678,1.9152542372881356,0.3389830508474576,0.2542372881355932,3.610169491525424,0.1864406779661017,4.186440677966102,0.4406779661016949,0.3389830508474576,1.4067796610169492,0.22033898305084745
308,Löcker Maja,F,Ladies in Black Aachen,0.0,-0.047619047619047616,0.09523809523809523,0.047619047619047616,0.0,0.0,0.0,0.0,0.0,0.0,0.0,0.0
309,Blenckers Lynn,F,Ladies in Black Aachen,1.0845070422535212,0.28169014084507044,2.23943661971831,0.4788732394366197,0.16901408450704225,0.11267605633802817,0.04225352112676056,1.4647887323943662,0.16901408450704225,0.11267605633802817,0.6338028169014085,0.28169014084507044
310,Scheerhoorn Blake,-,SVG Lüneburg,2.7205882352941178,1.25,2.323529411764706,0.5441176470588235,0.19117647058823528,0.029411764705882353,0.0,5.4411764705882355,0.47058823529411764,0.45588235294117646,2.2941176470588234,0.23529411764705882
311,Medic Sofija,F,SC Potsdam,2.0625,1.375,4.03125,0.40625,0.28125,0.171875,0.015625,2.453125,0.15625,0.109375,1.21875,0.5625
312,Apfelbach Karl,M,TSV Unterhaching,2.3684210526315788,1.0526315789473684,1.894736842105263,0.4605263157894737,0.13157894736842105,0.013157894736842105,0.013157894736842105,4.9605263157894735,0.42105263157894735,0.42105263157894735,2.0789473684210527,0.15789473684210525
313,Späth-Westerholt Thilo,M,VfB Friedrichshafen,0.014084507042253521,-0.056338028169014086,0.04225352112676056,0.0,0.0,1.056338028169014,0.07042253521126761,0.014084507042253521,0.0,0.0,0.014084507042253521,0.0
314,Izquierdo-Mocasqui Lisa,F,NawaRo Straubing,0.1774193548387097,-0.3225806451612903,0.45161290322580644,0.04838709677419355,0.03225806451612903,2.096774193548387,0.24193548387096775,0.7419354838709677,0.08064516129032258,0.12903225806451613,0.12903225806451613,0.016129032258064516
315,Schmidt Brendan,M,VfB Friedrichshafen,1.5070422535211268,0.6338028169014085,2.267605633802817,0.6619718309859155,0.08450704225352113,0.16901408450704225,0.014084507042253521,1.9014084507042253,0.11267605633802817,0.08450704225352113,1.0,0.4225352112676056
316,Toman Urban,-,United Volleys Frankfurt,0.0,-0.2631578947368421,0.0,0.0,0.0,4.184210526315789,0.2631578947368421,0.0,0.0,0.0,0.0,0.0
317,Wolf Peter,-,United Volleys Frankfurt,0.09090909090909091,-0.030303030303030304,0.24242424242424243,0.045454545454545456,0.0,0.30303030303030304,0.0,0.2727272727272727,0.030303030303030304,0.045454545454545456,0.09090909090909091,0.0
318,Rodwald Laura,F,VC Wiesbaden,0.16666666666666666,0.125,0.20833333333333334,0.0,0.0,0.4583333333333333,0.041666666666666664,0.3333333333333333,0.0,0.0,0.16666666666666666,0.0
319,Golm Merle,F,SC Potsdam,0.0,0.0,0.0,0.0,0.0,0.0,0.0,0.0,0.0,0.0,0.0,0.0
320,Luther Doreen,-,United Volleys Frankfurt,0.009523809523809525,-0.009523809523809525,0.06666666666666667,0.009523809523809525,0.009523809523809525,0.01904761904761905,0.0,0.009523809523809525,0.009523809523809525,0.0,0.0,0.0
321,Hernandez Ramos Alba R,F,Rote Raben Vilsbiburg,0.13043478260869565,0.028985507246376812,0.2318840579710145,0.08695652173913043,0.0,0.0,0.0,0.18840579710144928,0.014492753623188406,0.0,0.08695652173913043,0.043478260869565216
322,Le Goff Nicolas,M,BERLIN RECYCLING Volleys,1.6515151515151516,1.2424242424242424,2.212121212121212,0.22727272727272727,0.015151515151515152,0.21212121212121213,0.030303030303030304,1.9242424242424243,0.07575757575757576,0.07575757575757576,1.1363636363636365,0.5
323,Oud Nynke,F,VC Wiesbaden,0.765625,0.3125,2.046875,0.390625,0.046875,0.015625,0.0,1.3125,0.046875,0.015625,0.515625,0.203125
324,Dugan Shannon,F,VC Wiesbaden,1.0491803278688525,0.3114754098360656,1.1475409836065573,0.11475409836065574,0.04918032786885246,3.0327868852459017,0.26229508196721313,2.737704918032787,0.21311475409836064,0.14754098360655737,0.9180327868852459,0.08196721311475409
325,Patockova Tereza,F,VfB Suhl LOTTO Thüringen,2.46875,0.8125,2.671875,0.484375,0.28125,0.03125,0.015625,5.921875,0.671875,0.484375,2.03125,0.15625
326,Tauchert Sophie,F,VfB Suhl LOTTO Thüringen,0.0,-0.5625,0.0,0.0,0.0,9.359375,0.5625,0.0,0.0,0.0,0.0,0.0
327,Siebring Anniek,F,VfB Suhl LOTTO Thüringen,1.203125,-0.015625,2.046875,0.203125,0.109375,3.46875,0.328125,3.6875,0.25,0.4375,0.984375,0.109375
328,Jacobson McKenzie,F,VfB Suhl LOTTO Thüringen,1.896551724137931,1.1551724137931034,2.8620689655172415,0.41379310344827586,0.1896551724137931,0.034482758620689655,0.0,2.4827586206896552,0.1724137931034483,0.15517241379310345,1.2586206896551724,0.4482758620689655
329,Zachrich Jaromir,M,SWD powervolleys DÜREN,0.0,0.0,0.0,0.0,0.0,0.0,0.0,0.0,0.0,0.0,0.0,0.0
330,Ciganikova Simona,F,VfB Suhl LOTTO Thüringen,0.75,0.34375,1.765625,0.265625,0.03125,0.109375,0.0,1.296875,0.0625,0.078125,0.59375,0.125
331,Bogachev Egor,M,SWD powervolleys DÜREN,2.217391304347826,0.3333333333333333,2.652173913043478,0.7101449275362319,0.2463768115942029,4.768115942028985,0.4782608695652174,3.971014492753623,0.4492753623188406,0.2463768115942029,1.9130434782608696,0.057971014492753624
332,Richards Jordan Benjamin,M,BERLIN RECYCLING Volleys,1.2586206896551724,0.3793103448275862,1.5172413793103448,0.4827586206896552,0.20689655172413793,2.6379310344827585,0.1724137931034483,1.896551724137931,0.10344827586206896,0.1206896551724138,0.9827586206896551,0.06896551724137931
333,Costa da Silva Paulo Victo,M,BERLIN RECYCLING Volleys,4.2631578947368425,2.236842105263158,3.0921052631578947,0.9736842105263158,0.19736842105263158,0.0,0.0,7.421052631578948,0.3157894736842105,0.7368421052631579,3.789473684210526,0.27631578947368424
334,Clere Jerome Claude Pierr,M,BERLIN RECYCLING Volleys,3.088235294117647,1.2058823529411764,3.235294117647059,0.6617647058823529,0.22058823529411764,5.8088235294117645,0.47058823529411764,5.367647058823529,0.47058823529411764,0.27941176470588236,2.5294117647058822,0.3382352941176471
335,Gommans Ewoud,-,United Volleys Frankfurt,2.735294117647059,0.8529411764705882,2.764705882352941,0.5882352941176471,0.029411764705882353,6.5588235294117645,0.38235294117647056,5.5588235294117645,0.4117647058823529,0.5,2.4411764705882355,0.2647058823529412
336,Malik Polina,F,Ladies in Black Aachen,0.43661971830985913,0.2112676056338028,0.22535211267605634,0.014084507042253521,0.028169014084507043,0.0,0.0,1.2253521126760563,0.08450704225352113,0.1267605633802817,0.38028169014084506,0.028169014084507043
337,Herr Luke Thomas A.,M,Netzhoppers KW-Bestensee,0.7333333333333333,0.17333333333333334,3.3466666666666667,0.49333333333333335,0.29333333333333333,0.10666666666666667,0.0,0.44,0.04,0.02666666666666667,0.2,0.24
338,Stalekar Saso,M,BERLIN RECYCLING Volleys,1.1973684210526316,0.8157894736842105,1.7894736842105263,0.2236842105263158,0.10526315789473684,0.06578947368421052,0.0,1.2763157894736843,0.07894736842105263,0.07894736842105263,0.75,0.34210526315789475
339,Siirilä Tommi Juhani,M,BERLIN RECYCLING Volleys,0.27631578947368424,0.09210526315789473,0.9078947368421053,0.11842105263157894,0.02631578947368421,0.013157894736842105,0.0,0.2894736842105263,0.05263157894736842,0.013157894736842105,0.15789473684210525,0.09210526315789473
340,Francös Pedro Henrique,M,BERLIN RECYCLING Volleys,1.25,0.7105263157894737,1.986842105263158,0.2894736842105263,0.09210526315789473,0.06578947368421052,0.013157894736842105,1.5657894736842106,0.13157894736842105,0.10526315789473684,0.8157894736842105,0.34210526315789475
341,Duarte Souza Da Silva Do,M,BERLIN RECYCLING Volleys,1.5921052631578947,1.0657894736842106,2.9078947368421053,0.25,0.06578947368421052,0.2236842105263158,0.013157894736842105,2.0657894736842106,0.17105263157894737,0.09210526315789473,1.25,0.27631578947368424
342,van Rekom Floris,-,United Volleys Frankfurt,3.25,1.5,2.673076923076923,0.4807692307692308,0.21153846153846154,3.730769230769231,0.2692307692307692,5.615384615384615,0.5576923076923077,0.4423076923076923,2.8846153846153846,0.15384615384615385
343,Yanagida Masahiro,-,United Volleys Frankfurt,2.2777777777777777,1.0,9.041666666666666,0.6388888888888888,0.2777777777777778,4.208333333333333,0.25,4.097222222222222,0.3194444444444444,0.3611111111111111,2.625,0.09722222222222222
344,Mrdak Milija,-,United Volleys Frankfurt,4.47945205479452,2.506849315068493,3.904109589041096,0.589041095890411,0.2191780821917808,0.0821917808219178,0.0136986301369863,8.438356164383562,0.6027397260273972,0.7671232876712328,3.958904109589041,0.3013698630136986
345,Smith Luke,-,United Volleys Frankfurt,1.5147058823529411,0.7352941176470589,1.5,0.19117647058823528,0.058823529411764705,3.0294117647058822,0.29411764705882354,2.6323529411764706,0.1323529411764706,0.16176470588235295,1.3088235294117647,0.14705882352941177
346,Divoux Aziliz,F,Ladies in Black Aachen,0.36619718309859156,0.22535211267605634,1.9295774647887325,0.09859154929577464,0.14084507042253522,0.056338028169014086,0.0,0.39436619718309857,0.014084507042253521,0.028169014084507043,0.11267605633802817,0.11267605633802817
347,Thater Emily Grace,F,Ladies in Black Aachen,1.1549295774647887,0.647887323943662,1.6619718309859155,0.22535211267605634,0.1267605633802817,0.028169014084507043,0.0,1.4929577464788732,0.19718309859154928,0.08450704225352113,0.7746478873239436,0.2535211267605634
348,Polder Tessa,F,Ladies in Black Aachen,2.5774647887323945,1.7887323943661972,3.3943661971830985,0.2676056338028169,0.30985915492957744,0.09859154929577464,0.014084507042253521,3.732394366197183,0.36619718309859156,0.14084507042253522,1.5633802816901408,0.704225352112676
349,Bernard Manon,F,Ladies in Black Aachen,0.0,-0.352112676056338,0.0,0.0,0.0,6.042253521126761,0.352112676056338,0.0,0.0,0.0,0.0,0.0
350,Ofoha Uchenna,M,Netzhoppers KW-Bestensee,1.2266666666666666,0.72,2.1066666666666665,0.32,0.09333333333333334,0.09333333333333334,0.013333333333333334,1.3733333333333333,0.05333333333333334,0.12,0.7466666666666667,0.38666666666666666
351,Erdmann Jonathan,M,Netzhoppers KW-Bestensee,0.12307692307692308,0.046153846153846156,0.2,0.046153846153846156,0.015384615384615385,0.03076923076923077,0.015384615384615385,0.1076923076923077,0.0,0.015384615384615385,0.09230769230769231,0.015384615384615385
352,Guerra Uteau Simön,M,Netzhoppers KW-Bestensee,0.8813559322033898,0.3898305084745763,2.6440677966101696,0.288135593220339,0.06779661016949153,0.1694915254237288,0.01694915254237288,1.0169491525423728,0.13559322033898305,0.05084745762711865,0.6101694915254238,0.2033898305084746
353,Gjorgiev Nikola,M,VfB Friedrichshafen,3.8309859154929575,2.3661971830985915,2.8309859154929575,0.4788732394366197,0.2535211267605634,0.0,0.0,6.253521126760563,0.36619718309859156,0.6197183098591549,3.3098591549295775,0.2676056338028169
354,Janouch Jakub,M,VfB Friedrichshafen,0.30985915492957744,0.14084507042253522,2.436619718309859,0.14084507042253522,0.15492957746478872,0.028169014084507043,0.014084507042253521,0.16901408450704225,0.0,0.014084507042253521,0.04225352112676056,0.11267605633802817
355,Laumann Neo,M,SWD powervolleys DÜREN,0.0,0.0,0.0,0.0,0.0,0.0,0.0,0.0,0.0,0.0,0.0,0.0
356,Watanabe Shunsuke,M,WWK Volleys Herrsching,0.0,-0.2830188679245283,0.0,0.0,0.0,4.018867924528302,0.2830188679245283,0.0,0.0,0.0,0.0,0.0
357,Halanda Tomas,M,WWK Volleys Herrsching,2.5428571428571427,0.44285714285714284,2.6142857142857143,0.7142857142857143,0.07142857142857142,5.371428571428571,0.45714285714285713,5.414285714285715,0.3,0.6285714285714286,2.3,0.17142857142857143
358,Prokopczuk Rafal,M,WWK Volleys Herrsching,0.32857142857142857,0.05714285714285714,1.1571428571428573,0.2,0.02857142857142857,0.02857142857142857,0.0,0.37142857142857144,0.05714285714285714,0.014285714285714285,0.2,0.1
359,Hamzagic Irfan,M,WWK Volleys Herrsching,4.071428571428571,1.8571428571428572,3.1714285714285713,0.7714285714285715,0.3,0.02857142857142857,0.0,7.571428571428571,0.7285714285714285,0.7142857142857143,3.642857142857143,0.12857142857142856
360,Van der Ent Luuc,M,WWK Volleys Herrsching,2.0,0.9571428571428572,2.8714285714285714,0.6428571428571429,0.22857142857142856,0.07142857142857142,0.02857142857142857,2.2857142857142856,0.18571428571428572,0.18571428571428572,1.1714285714285715,0.6
361,Antony Carlos,M,WWK Volleys Herrsching,2.6923076923076925,0.8461538461538461,3.4,0.5692307692307692,0.16923076923076924,5.6461538461538465,0.5076923076923077,4.7384615384615385,0.2923076923076923,0.47692307692307695,2.3230769230769233,0.2
362,Fial Radi vi allaz David,M,VfB Friedrichshafen,3.0,2.25,4.0,0.75,1.0,0.0,0.0,4.25,0.0,0.0,0.0,0.25
363,Cru Markiic,M,VfB Friedrichshafen,0.0,0.0,0.0,0.0,0.0,0.0,0.0,0.0,0.0,0.0,0.0,0.0
364,Steen Knudsen Ragni,F,NawaRo Straubing,2.8676470588235294,0.8970588235294118,3.4558823529411766,0.3235294117647059,0.14705882352941177,6.029411764705882,0.4411764705882353,7.044117647058823,0.5441176470588235,0.6617647058823529,2.485294117647059,0.23529411764705882
365,Lovo Steinsvag Oda,F,NawaRo Straubing,0.7,0.35,1.3833333333333333,0.21666666666666667,0.1,0.05,0.05,0.6666666666666666,0.06666666666666667,0.016666666666666666,0.2,0.4
366,Turla Sofia,F,NawaRo Straubing,0.041666666666666664,0.041666666666666664,0.16666666666666666,0.0,0.0,0.0,0.0,0.0625,0.0,0.0,0.041666666666666664,0.0
367,Malcher Moritz,M,TSV Unterhaching,1.6228070175438596,0.631578947368421,2.473684210526316,0.42105263157894735,0.18421052631578946,3.06140350877193,0.21052631578947367,2.8859649122807016,0.15789473684210525,0.20175438596491227,1.3245614035087718,0.11403508771929824
368,Shavrak Dmytro,M,BERLIN RECYCLING Volleys,0.6875,0.25,1.0,0.1875,0.0,1.1875,0.0,1.4375,0.125,0.125,0.5625,0.125
369,Ortiz Ruiz Neira Marina,F,Rote Raben Vilsbiburg,2.0,1.1475409836065573,1.9836065573770492,0.47540983606557374,0.03278688524590164,0.08196721311475409,0.03278688524590164,2.7704918032786887,0.19672131147540983,0.14754098360655737,1.1967213114754098,0.7704918032786885
370,Valdez Pol Nelmaira Carol,F,Rote Raben Vilsbiburg,1.2318840579710144,0.6956521739130435,1.0869565217391304,0.07246376811594203,0.057971014492753624,2.463768115942029,0.2028985507246377,2.3043478260869565,0.15942028985507245,0.10144927536231885,0.9130434782608695,0.2608695652173913
371,Busch Amelie,M,Helios GRIZZLYS Giesen,0.15384615384615385,0.019230769230769232,1.0769230769230769,0.11538461538461539,0.019230769230769232,0.057692307692307696,0.019230769230769232,0.1346153846153846,0.0,0.0,0.09615384615384616,0.038461538461538464
372,Przybylak Daria,F,Rote Raben Vilsbiburg,1.95,0.48333333333333334,3.0166666666666666,0.18333333333333332,0.25,5.466666666666667,0.5,4.633333333333334,0.35,0.43333333333333335,1.4833333333333334,0.21666666666666667
373,Jarvis Jared,M,TSV Unterhaching,1.105263157894737,0.25,1.8026315789473684,0.2236842105263158,0.039473684210526314,3.8684210526315788,0.27631578947368424,2.736842105263158,0.18421052631578946,0.17105263157894737,0.8289473684210527,0.23684210526315788
374,Roatta Sebastian,M,Volleyball Bisons Bühl,1.2352941176470589,0.8235294117647058,2.9411764705882355,0.17647058823529413,0.17647058823529413,0.14705882352941177,0.0,1.7058823529411764,0.11764705882352941,0.11764705882352941,0.7352941176470589,0.3235294117647059
375,Petty Gregory,M,Volleyball Bisons Bühl,2.945945945945946,0.9459459459459459,2.810810810810811,0.6216216216216216,0.1891891891891892,6.486486486486487,0.32432432432432434,5.72972972972973,0.43243243243243246,0.6216216216216216,2.5945945945945947,0.16216216216216217
376,Vanjak Ivana,F,USC Münster,4.366666666666666,1.9666666666666666,3.35,0.43333333333333335,0.15,5.6,0.48333333333333334,9.433333333333334,0.75,0.7333333333333333,3.8833333333333333,0.3333333333333333
377,Nagy Eszter,F,Rote Raben Vilsbiburg,0.5942028985507246,0.4057971014492754,1.8695652173913044,0.08695652173913043,0.08695652173913043,0.014492753623188406,0.014492753623188406,0.9130434782608695,0.028985507246376812,0.057971014492753624,0.36231884057971014,0.14492753623188406
378,Qafarena Anton,M,Volleyball Bisons Bühl,3.4324324324324325,1.1081081081081081,2.891891891891892,0.6216216216216216,0.10810810810810811,0.0,0.0,7.243243243243243,0.6486486486486487,1.054054054054054,2.972972972972973,0.35135135135135137
379,Ronkainen Antti,-,SVG Lüneburg,2.2794117647058822,0.7647058823529411,2.823529411764706,0.6617647058823529,0.19117647058823528,4.294117647058823,0.2647058823529412,4.911764705882353,0.25,0.3382352941176471,1.8823529411764706,0.20588235294117646
380,Michelau Michael,-,SVG Lüneburg,1.25,0.29411764705882354,1.2941176470588236,0.36764705882352944,0.14705882352941177,2.088235294117647,0.16176470588235295,2.323529411764706,0.25,0.17647058823529413,0.9852941176470589,0.11764705882352941
381,Filho Roosewelt,-,WWK Volleys Herrsching,1.0888888888888888,0.5777777777777777,2.2444444444444445,0.3333333333333333,0.1111111111111111,0.13333333333333333,0.0,1.5333333333333334,0.1111111111111111,0.06666666666666667,0.8,0.17777777777777778
382,Nagel Friederich,M,TSV Unterhaching,0.3888888888888889,0.16666666666666666,1.125,0.09722222222222222,0.09722222222222222,0.013888888888888888,0.0,0.6111111111111112,0.05555555555555555,0.06944444444444445,0.2638888888888889,0.027777777777777776
383,STIRIZ Sarah,F,SC Potsdam,0.0,0.0,0.0,0.0,0.0,0.0,0.0,0.0,0.0,0.0,0.0,0.0
384,Fach Chiara,F,VC Wiesbaden,0.0,0.0,0.25,0.0,0.0,0.0,0.0,0.0,0.0,0.0,0.0,0.0
385,Mohwinkel Theo,M,SVG Lüneburg,0.0,0.0,0.0,0.0,0.0,0.0,0.0,0.0,0.0,0.0,0.0,0.0
386,Garski Jacqueline,F,VfB Suhl LOTTO Thüringen,0.0,0.0,0.18181818181818182,0.0,0.0,0.0,0.0,0.0,0.0,0.0,0.0,0.0
387,Hirsch Jana,F,VC Wiesbaden,0.0,0.0,0.0,0.0,0.0,0.0,0.0,0.0,0.0,0.0,0.0,0.0
388,Djifa Amedegnato,M,VCO Berlin,0.0,0.0,0.5,0.0,0.0,0.0,0.0,0.0,0.0,0.0,0.0,0.0
